date,vwretd,vwretx,ewretd,ewretx,spindx,sprtrn,RF
1926-07-31,0.040403,0.038168,0.037547,0.03393,12.88,0.045455,0.0022
1926-08-31,0.029822,0.025747,0.018924,0.01638,13.1,0.017081,0.0025
1926-09-30,0.01342,0.009122,0.014037,0.008582,13.4,0.022901,0.0023
1926-10-30,-0.030172,-0.032434,-0.025891,-0.028923,12.98,-0.031343,0.0032
1926-11-30,0.026937,0.019367,0.036507,0.03333,13.27,0.022342,0.0031
1926-12-31,0.026047,0.020321,0.021203,0.014315,13.49,0.016579,0.0028
1927-01-31,-0.00291,-0.005579,-0.003955,-0.007715,13.21,-0.020756,0.0025
1927-02-28,0.045522,0.040566,0.043428,0.040922,13.84,0.047691,0.0026
1927-03-31,0.007324,0.00261,-0.010052,-0.015601,13.93,0.006503,0.003
1927-04-30,0.013021,0.010907,0.0069,0.00389,14.17,0.017229,0.0025
1927-05-31,0.062353,0.057096,0.064407,0.061419,14.91,0.052223,0.003
1927-06-30,-0.02037,-0.025705,-0.02692,-0.032691,14.77,-0.00939,0.0026
1927-07-30,0.08445,0.081687,0.067444,0.063848,15.73,0.064997,0.003
1927-08-31,0.03332,0.028624,0.026115,0.023386,16.43,0.044501,0.0028
1927-09-30,0.053016,0.049095,0.057959,0.052935,17.14,0.043214,0.0021
1927-10-31,-0.046804,-0.04896,-0.045279,-0.047817,16.23,-0.053092,0.0025
1927-11-30,0.070546,0.06427,0.078058,0.075363,17.33,0.067776,0.0021
1927-12-31,0.019295,0.014403,0.0198,0.013906,17.66,0.019042,0.0022
1928-01-31,-0.007182,-0.0092,0.011459,0.008766,17.57,-0.005096,0.0025
1928-02-29,-0.012549,-0.016679,-0.021508,-0.023815,17.26,-0.017644,0.0033
1928-03-31,0.105752,0.101652,0.075281,0.070583,19.13,0.108343,0.0029
1928-04-30,0.034725,0.032715,0.040016,0.037486,19.75,0.03241,0.0022
1928-05-31,0.012325,0.007422,0.015924,0.013734,20,0.012658,0.0032
1928-06-30,-0.03433,-0.038725,-0.048573,-0.054046,19.19,-0.0405,0.0031
1928-07-31,0.010117,0.008278,0.007727,0.005266,19.43,0.012507,0.0032
1928-08-31,0.07023,0.065514,0.067993,0.065022,20.87,0.074112,0.0032
1928-09-29,0.022409,0.019937,0.025717,0.022538,21.37,0.023958,0.0027
1928-10-31,0.013839,0.012055,0.006281,0.00366,21.68,0.014506,0.0041
1928-11-30,0.122975,0.116704,0.129537,0.12654,24.28,0.119926,0.0038
1928-12-31,0.006232,0.002888,0.026322,0.021701,24.35,0.002883,6.00E-04
1929-01-31,0.055473,0.053892,0.073311,0.07108,25.74,0.057084,0.0034
1929-02-28,-0.004874,-0.008075,-0.011241,-0.013132,25.59,-0.005828,0.0036
1929-03-28,1.54E-04,-0.003213,-0.011448,-0.015102,25.53,-0.002345,0.0034
1929-04-30,0.019559,0.018234,0.01195,0.009954,25.94,0.01606,0.0036
1929-05-31,-0.041281,-0.046101,-0.033982,-0.036734,24.83,-0.042791,0.0044
1929-06-29,0.112294,0.109584,0.106753,0.102737,27.62,0.112364,0.0052
1929-07-31,0.050014,0.048186,0.050745,0.048229,28.88,0.045619,0.0033
1929-08-30,0.094871,0.090733,0.078359,0.076041,31.71,0.097992,0.004
1929-09-30,-0.050941,-0.053046,-0.030728,-0.03397,30.16,-0.04888,0.0035
1929-10-31,-0.18615,-0.188115,-0.175188,-0.177489,24.15,-0.199271,0.0046
1929-11-27,-0.125359,-0.130374,-0.116976,-0.119792,20.92,-0.133747,0.0037
1929-12-31,0.027753,0.023571,0.015063,0.008734,21.45,0.025335,0.0037
1930-01-31,0.059632,0.057032,0.065854,0.062668,22.79,0.062471,0.0014
1930-02-28,0.026041,0.021516,0.037402,0.034765,23.28,0.021501,0.003
1930-03-31,0.072348,0.069351,0.053208,0.04935,25.14,0.079897,0.0035
1930-04-30,-0.013938,-0.015867,-0.028758,-0.031277,24.9,-0.009547,0.0021
1930-05-29,-0.011148,-0.015304,-0.015566,-0.018001,24.49,-0.016466,0.0026
1930-06-30,-0.155715,-0.159182,-0.154492,-0.160102,20.46,-0.164557,0.0027
1930-07-31,0.038713,0.036395,0.035467,0.031283,21.21,0.036657,0.002
1930-08-29,0.011266,0.006691,0.001968,-6.83E-04,21.37,0.007544,9.00E-04
1930-09-30,-0.123549,-0.127635,-0.129006,-0.134359,18.59,-0.130089,0.0022
1930-10-31,-0.08368,-0.086394,-0.081521,-0.084992,16.94,-0.088757,9.00E-04
1930-11-29,-0.019736,-0.024113,-0.008595,-0.011255,16.57,-0.021842,0.0013
1930-12-31,-0.071479,-0.077707,-0.092791,-0.101288,15.34,-0.074231,0.0014
1931-01-31,0.059527,0.056729,0.097629,0.092043,16.09,0.048892,0.0015
1931-02-28,0.110943,0.105279,0.113321,0.110625,17.93,0.114357,4.00E-04
1931-03-31,-0.068939,-0.073451,-0.078704,-0.084603,16.69,-0.069158,0.0013
1931-04-30,-0.092955,-0.09546,-0.128064,-0.13199,15.09,-0.095866,8.00E-04
1931-05-29,-0.137674,-0.14302,-0.150141,-0.153093,13.02,-0.137177,9.00E-04
1931-06-30,0.146492,0.139763,0.190566,0.182807,14.83,0.139017,8.00E-04
1931-07-31,-0.075465,-0.07857,-0.082237,-0.087181,13.73,-0.074174,6.00E-04
1931-08-31,0.007779,0.002304,-0.014416,-0.016894,13.86,0.009468,3.00E-04
1931-09-30,-0.287461,-0.291524,-0.310002,-0.314686,9.71,-0.299423,3.00E-04
1931-10-31,0.076738,0.072834,0.066016,0.060769,10.53,0.084449,0.001
1931-11-30,-0.100909,-0.109396,-0.12295,-0.126402,9.5,-0.097816,0.0017
1931-12-31,-0.137557,-0.145471,-0.189119,-0.197542,8.12,-0.145263,0.0012
1932-01-30,-0.018803,-0.021067,0.071316,0.067045,7.89,-0.028325,0.0023
1932-02-29,0.053581,0.045233,0.040919,0.037549,8.29,0.050697,0.0023
1932-03-31,-0.118907,-0.125245,-0.163609,-0.16963,7.31,-0.118215,0.0016
1932-04-30,-0.205295,-0.207637,-0.198179,-0.20126,5.83,-0.202462,0.0011
1932-05-31,-0.232123,-0.240123,-0.299485,-0.303014,4.47,-0.233276,6.00E-04
1932-06-30,0.002768,-0.006507,0.030933,0.023048,4.43,-0.008949,2.00E-04
1932-07-30,0.391838,0.390006,0.551229,0.548947,6.1,0.376975,3.00E-04
1932-08-31,0.401979,0.394164,0.680415,0.677637,8.39,0.37541,3.00E-04
1932-09-30,-0.029526,-0.034118,-0.065005,-0.06918,8.08,-0.036949,3.00E-04
1932-10-31,-0.142069,-0.143263,-0.187556,-0.188964,6.96,-0.138614,2.00E-04
1932-11-30,-0.052228,-0.058702,-0.094929,-0.097086,6.55,-0.058908,2.00E-04
1932-12-31,0.061569,0.053749,0.019872,0.014519,6.89,0.051908,1.00E-04
1933-01-31,0.013938,0.012575,0.056629,0.055071,6.94,0.007257,1.00E-04
1933-02-28,-0.179558,-0.186035,-0.199694,-0.202045,5.66,-0.184438,-3.00E-04
1933-03-31,0.038627,0.032581,0.083647,0.079351,5.85,0.033569,4.00E-04
1933-04-29,0.414312,0.412291,0.552452,0.550733,8.32,0.422222,0.001
1933-05-31,0.174816,0.170167,0.315257,0.313597,9.64,0.158654,4.00E-04
1933-06-30,0.137498,0.133994,0.202137,0.199392,10.91,0.131743,2.00E-04
1933-07-31,-0.084736,-0.085471,-0.094629,-0.095467,9.95,-0.087993,2.00E-04
1933-08-31,0.123272,0.119807,0.129075,0.127493,11.09,0.114573,3.00E-04
1933-09-30,-0.118045,-0.121112,-0.14462,-0.14725,9.83,-0.113616,2.00E-04
1933-10-31,-0.090623,-0.091588,-0.112923,-0.114062,8.96,-0.088505,1.00E-04
1933-11-29,0.108553,0.10207,0.087617,0.084947,9.88,0.102679,2.00E-04
1933-12-30,0.026694,0.02443,0.028315,0.026218,10.1,0.022267,2.00E-04
1934-01-31,0.115033,0.113644,0.207739,0.205669,11.17,0.105941,5.00E-04
1934-02-28,-0.03284,-0.037272,-0.026909,-0.029232,10.76,-0.036705,2.00E-04
1934-03-31,0.005355,0.002464,0.002126,-2.26E-04,10.75,-9.29E-04,2.00E-04
1934-04-30,-0.02549,-0.026944,-0.008762,-0.010397,10.46,-0.026977,1.00E-04
1934-05-31,-0.078497,-0.082255,-0.099887,-0.101924,9.61,-0.081262,1.00E-04
1934-06-30,0.02408,0.021102,0.027171,0.024657,9.81,0.020812,1.00E-04
1934-07-31,-0.119846,-0.121723,-0.187625,-0.18974,8.68,-0.115189,1.00E-04
1934-08-31,0.05865,0.051629,0.098213,0.095364,9.15,0.054147,1.00E-04
1934-09-29,-2.16E-04,-0.003127,0.004991,0.00241,9.1,-0.005464,1.00E-04
1934-10-31,-0.032663,-0.033732,-0.04421,-0.045817,8.81,-0.031868,1.00E-04
1934-11-30,0.086059,0.080682,0.0894,0.086623,9.54,0.08286,1.00E-04
1934-12-31,-6.81E-04,-0.004415,-0.018468,-0.021814,9.5,-0.004193,1.00E-04
1935-01-31,-0.042368,-0.043755,-0.058033,-0.060019,9.1,-0.042105,1.00E-04
1935-02-28,-0.03684,-0.04266,-0.06825,-0.071254,8.74,-0.03956,2.00E-04
1935-03-30,-0.031454,-0.035324,-0.04507,-0.048381,8.47,-0.030892,1.00E-04
1935-04-30,0.096493,0.095347,0.098007,0.09654,9.28,0.095632,1.00E-04
1935-05-31,0.038135,0.033059,0.052127,0.04941,9.58,0.032328,1.00E-04
1935-06-29,0.070533,0.067124,0.072709,0.069916,10.23,0.06785,1.00E-04
1935-07-31,0.083814,0.082471,0.092141,0.090329,11.08,0.083089,1.00E-04
1935-08-31,0.026569,0.022105,0.06423,0.062257,11.32,0.021661,1.00E-04
1935-09-30,0.025526,0.022175,0.013623,0.010788,11.59,0.023852,1.00E-04
1935-10-31,0.071803,0.070634,0.077787,0.075864,12.46,0.075065,1.00E-04
1935-11-30,0.051943,0.04562,0.114276,0.111918,12.95,0.039326,2.00E-04
1935-12-31,0.039887,0.036744,0.046802,0.0437,13.43,0.037066,1.00E-04
1936-01-31,0.071832,0.070187,0.113332,0.111574,14.31,0.065525,1.00E-04
1936-02-29,0.022461,0.018857,0.045963,0.043968,14.55,0.016771,1.00E-04
1936-03-31,0.024029,0.021457,7.65E-04,-0.001495,14.92,0.02543,2.00E-04
1936-04-30,-0.077588,-0.078356,-0.097464,-0.098552,13.77,-0.077078,2.00E-04
1936-05-29,0.053106,0.046971,0.062927,0.060843,14.4,0.045752,2.00E-04
1936-06-30,0.032542,0.029509,0.019286,0.016448,14.84,0.030556,3.00E-04
1936-07-31,0.073442,0.072356,0.086786,0.085102,15.85,0.068059,1.00E-04
1936-08-31,0.014124,0.00893,0.024099,0.021877,15.99,0.008833,2.00E-04
1936-09-30,0.004817,0.001617,0.016308,0.013261,16.01,0.001251,1.00E-04
1936-10-31,0.076281,0.075272,0.058556,0.056529,17.21,0.074953,2.00E-04
1936-11-30,0.010666,-3.21E-04,0.033981,0.027813,17.28,0.004067,1.00E-04
1936-12-31,-0.00383,-0.007289,0.012644,0.009231,17.18,-0.005787,0
1937-01-30,0.036648,0.035916,0.050525,0.049084,17.83,0.037835,1.00E-04
1937-02-27,0.018483,0.01535,0.030579,0.028191,18.09,0.014582,2.00E-04
1937-03-31,-0.003511,-0.006242,0.014876,0.011969,17.92,-0.009397,1.00E-04
1937-04-30,-0.080646,-0.08149,-0.087845,-0.088982,16.43,-0.083147,3.00E-04
1937-05-28,-0.005699,-0.011686,-0.027492,-0.030767,16.26,-0.010347,6.00E-04
1937-06-30,-0.053803,-0.057853,-0.07665,-0.080643,15.4,-0.052891,3.00E-04
1937-07-31,0.098991,0.098012,0.114579,0.112886,16.98,0.102597,3.00E-04
1937-08-31,-0.051183,-0.056291,-0.058171,-0.061524,16.04,-0.055359,2.00E-04
1937-09-30,-0.13961,-0.143683,-0.174125,-0.177727,13.76,-0.142145,4.00E-04
1937-10-30,-0.102722,-0.103703,-0.111564,-0.113224,12.36,-0.101744,2.00E-04
1937-11-30,-0.084289,-0.100254,-0.093808,-0.103987,11.11,-0.101133,2.00E-04
1937-12-31,-0.045828,-0.053019,-0.093196,-0.100738,10.55,-0.050405,0
1938-01-31,0.012163,0.011096,0.004605,0.002775,10.69,0.01327,0
1938-02-28,0.065757,0.061131,0.085089,0.081997,11.34,0.060804,0
1938-03-31,-0.254106,-0.257951,-0.306927,-0.310524,8.5,-0.250441,-1.00E-04
1938-04-30,0.142667,0.140966,0.189299,0.187486,9.7,0.141176,1.00E-04
1938-05-31,-0.039973,-0.046036,-0.043337,-0.045943,9.27,-0.04433,0
1938-06-30,0.253519,0.249304,0.305148,0.30092,11.56,0.247033,0
1938-07-30,0.074738,0.073872,0.090908,0.089835,12.4,0.072664,-1.00E-04
1938-08-31,-0.025901,-0.029465,-0.059336,-0.061589,12.06,-0.027419,0
1938-09-30,0.016932,0.013867,-0.002649,-0.005631,12.24,0.014925,2.00E-04
1938-10-31,0.07896,0.0782,0.150416,0.149341,13.17,0.07598,1.00E-04
1938-11-30,-0.026207,-0.032784,-0.044654,-0.04844,12.73,-0.033409,-6.00E-04
1938-12-31,0.04481,0.041538,0.064239,0.061349,13.21,0.037706,0
1939-01-31,-0.070506,-0.071314,-0.083678,-0.08495,12.3,-0.068887,-1.00E-04
1939-02-28,0.039292,0.034357,0.053259,0.050963,12.7,0.03252,1.00E-04
1939-03-31,-0.134821,-0.138171,-0.194922,-0.197996,10.98,-0.135433,-1.00E-04
1939-04-29,-0.006611,-0.007842,0.007822,0.006583,10.92,-0.005464,0
1939-05-31,0.069557,0.06346,0.084914,0.082592,11.6,0.062271,1.00E-04
1939-06-30,-0.06181,-0.065748,-0.095768,-0.099674,10.86,-0.063793,1.00E-04
1939-07-31,0.11131,0.110355,0.151039,0.149587,12.04,0.108656,0
1939-08-31,-0.067551,-0.073025,-0.103916,-0.1064,11.18,-0.071429,-1.00E-04
1939-09-30,0.181167,0.177572,0.374805,0.37148,13.02,0.16458,1.00E-04
1939-10-31,-0.016887,-0.01764,-0.034073,-0.035008,12.83,-0.014593,0
1939-11-30,-0.040532,-0.051142,-0.085514,-0.090726,12.2,-0.049104,0
1939-12-30,0.028177,0.023143,0.025516,0.020423,12.49,0.02377,0
1940-01-31,-0.035927,-0.0368,-0.043765,-0.045027,12.05,-0.035228,0
1940-02-29,0.013139,0.006917,0.01618,0.012691,12.13,0.006639,0
1940-03-30,0.013561,0.010518,0.009463,0.006565,12.25,0.009893,0
1940-04-30,-0.004478,-0.006231,0.007316,0.005639,12.19,-0.004898,0
1940-05-31,-0.23148,-0.239765,-0.282953,-0.286558,9.27,-0.239541,-2.00E-04
1940-06-29,0.083035,0.078208,0.127152,0.121891,9.98,0.076591,0
1940-07-31,0.03309,0.031914,0.028449,0.026517,10.29,0.031062,1.00E-04
1940-08-31,0.035421,0.026631,0.027145,0.023005,10.56,0.026239,-1.00E-04
1940-09-30,0.014221,0.010096,0.012085,0.007771,10.66,0.00947,0
1940-10-31,0.041468,0.04018,0.061607,0.059823,11.08,0.0394,0
1940-11-30,-0.029431,-0.042997,-0.04414,-0.052155,10.61,-0.042419,0
1940-12-31,0.002927,-0.00249,-0.013939,-0.020375,10.58,-0.002828,0
1941-01-31,-0.045555,-0.046847,-0.019415,-0.02234,10.07,-0.048204,-1.00E-04
1941-02-28,-0.004729,-0.01257,-0.011068,-0.015409,9.92,-0.014896,-1.00E-04
1941-03-31,0.008872,0.004173,0.015164,0.010856,9.96,0.004032,1.00E-04
1941-04-30,-0.062152,-0.063463,-0.067709,-0.068988,9.31,-0.065261,-1.00E-04
1941-05-31,0.013184,0.00214,-0.002943,-0.008461,9.35,0.004296,0
1941-06-30,0.058851,0.052486,0.060175,0.054053,9.85,0.053476,0
1941-07-31,0.057106,0.055619,0.127642,0.125323,10.39,0.054822,3.00E-04
1941-08-30,-0.001113,-0.009736,-0.013498,-0.018073,10.3,-0.008662,1.00E-04
1941-09-30,-0.007351,-0.011499,-0.024632,-0.029574,10.2,-0.009709,1.00E-04
1941-10-31,-0.064602,-0.065955,-0.078187,-0.07956,9.5,-0.068627,0
1941-11-29,-0.024916,-0.042107,-0.050413,-0.061975,9.1,-0.042105,0
1941-12-31,-0.038843,-0.046205,-0.061795,-0.071333,8.69,-0.045055,1.00E-04
1942-01-31,0.022276,0.020639,0.101572,0.099856,8.81,0.013809,2.00E-04
1942-02-28,-0.017647,-0.024642,-0.007279,-0.011653,8.59,-0.024972,1.00E-04
1942-03-31,-0.064068,-0.069676,-0.074708,-0.081983,8.01,-0.06752,1.00E-04
1942-04-30,-0.037988,-0.040323,-0.043661,-0.048335,7.66,-0.043695,1.00E-04
1942-05-29,0.070339,0.060119,0.038245,0.032844,8.15,0.063969,3.00E-04
1942-06-30,0.023544,0.016976,0.014064,0.007503,8.3,0.018405,2.00E-04
1942-07-31,0.036031,0.034314,0.052522,0.050429,8.56,0.031325,3.00E-04
1942-08-31,0.015346,0.007531,0.012065,0.007073,8.62,0.007009,3.00E-04
1942-09-30,0.032449,0.027671,0.052096,0.045446,8.85,0.026682,3.00E-04
1942-10-31,0.067867,0.066333,0.110283,0.108328,9.42,0.064407,3.00E-04
1942-11-30,-0.004392,-0.016937,-0.032668,-0.043548,9.29,-0.0138,3.00E-04
1942-12-31,0.057537,0.050449,0.04586,0.035701,9.77,0.051668,3.00E-04
1943-01-30,0.072434,0.071062,0.129046,0.127338,10.47,0.071648,3.00E-04
1943-02-27,0.058503,0.052676,0.115254,0.111495,11,0.050621,3.00E-04
1943-03-31,0.059404,0.055182,0.090857,0.085496,11.58,0.052727,3.00E-04
1943-04-30,0.003588,0.002332,0.049291,0.047836,11.59,8.64E-04,3.00E-04
1943-05-29,0.052698,0.045651,0.070962,0.066318,12.11,0.044866,3.00E-04
1943-06-30,0.021689,0.017142,0.009145,0.004111,12.35,0.019818,3.00E-04
1943-07-31,-0.053092,-0.054238,-0.066325,-0.06787,11.68,-0.054251,3.00E-04
1943-08-31,0.016232,0.010751,0.005528,0.001775,11.8,0.010274,3.00E-04
1943-09-30,0.027498,0.023331,0.03676,0.032384,12.08,0.023729,3.00E-04
1943-10-30,-0.01165,-0.0125,-0.00213,-0.004079,11.92,-0.013245,3.00E-04
1943-11-30,-0.067052,-0.077966,-0.103342,-0.114673,11.02,-0.075503,3.00E-04
1943-12-31,0.070305,0.065211,0.100516,0.095195,11.67,0.058984,3.00E-04
1944-01-31,0.018622,0.01731,0.042108,0.039866,11.85,0.015424,3.00E-04
1944-02-29,0.006479,2.38E-04,0.025817,0.021522,11.82,-0.002532,3.00E-04
1944-03-31,0.021313,0.017309,0.033124,0.027865,12.02,0.01692,2.00E-04
1944-04-29,-0.012427,-0.013433,-0.033197,-0.034122,11.87,-0.012479,3.00E-04
1944-05-31,0.048841,0.040864,0.053428,0.048015,12.35,0.040438,3.00E-04
1944-06-30,0.054574,0.049768,0.077513,0.072826,12.98,0.051012,3.00E-04
1944-07-31,-0.01947,-0.020629,-0.011995,-0.013589,12.71,-0.020801,3.00E-04
1944-08-31,0.0147,0.008208,0.025596,0.02143,12.82,0.008655,3.00E-04
1944-09-30,-6.92E-04,-0.003118,-0.009374,-0.011917,12.78,-0.00312,2.00E-04
1944-10-31,0.002435,0.001045,-0.008161,-0.010233,12.78,0,3.00E-04
1944-11-30,0.017327,0.005832,0.012122,0.002559,12.83,0.003912,3.00E-04
1944-12-30,0.044778,0.041034,0.076757,0.072849,13.28,0.035074,2.00E-04
1945-01-31,0.011901,0.010784,0.028499,0.026426,13.47,0.014307,3.00E-04
1945-02-28,0.069472,0.063578,0.09654,0.091647,14.3,0.061618,2.00E-04
1945-03-31,-0.041685,-0.04499,-0.037234,-0.04038,13.64,-0.046154,2.00E-04
1945-04-30,0.090524,0.089465,0.116101,0.114753,14.84,0.087977,3.00E-04
1945-05-31,0.020041,0.011624,0.0313,0.025424,15.01,0.011456,3.00E-04
1945-06-30,0.00238,1.34E-04,0.056001,0.053529,14.96,-0.003331,2.00E-04
1945-07-31,-0.021539,-0.022479,-0.030841,-0.032018,14.66,-0.020053,3.00E-04
1945-08-31,0.059852,0.054027,0.04535,0.040678,15.51,0.057981,3.00E-04
1945-09-29,0.046361,0.043999,0.073603,0.071503,16.16,0.041908,3.00E-04
1945-10-31,0.030815,0.029862,0.050408,0.048972,16.65,0.030322,3.00E-04
1945-11-30,0.04495,0.035612,0.072602,0.064928,17.19,0.032432,2.00E-04
1945-12-31,0.011133,0.008805,0.009563,0.007144,17.36,0.009889,3.00E-04
1946-01-31,0.069504,0.068515,0.093162,0.091704,18.57,0.0697,3.00E-04
1946-02-28,-0.065171,-0.069785,-0.071858,-0.075182,17.28,-0.069467,3.00E-04
1946-03-30,0.049118,0.046147,0.054365,0.051199,18.08,0.046296,3.00E-04
1946-04-30,0.035748,0.034707,0.027592,0.026393,18.76,0.037611,3.00E-04
1946-05-31,0.028785,0.023202,0.043263,0.038811,19.18,0.022388,3.00E-04
1946-06-28,-0.035289,-0.037521,-0.039963,-0.042283,18.43,-0.039103,3.00E-04
1946-07-31,-0.02735,-0.028429,-0.042521,-0.043813,17.96,-0.025502,3.00E-04
1946-08-30,-0.068855,-0.073365,-0.075229,-0.079221,16.65,-0.07294,3.00E-04
1946-09-30,-0.104113,-0.106619,-0.127328,-0.130428,14.96,-0.101502,3.00E-04
1946-10-31,-0.005636,-0.006817,0.006155,0.004546,14.84,-0.008021,3.00E-04
1946-11-30,-0.003801,-0.011741,0.001541,-0.006399,14.67,-0.011456,3.00E-04
1946-12-31,0.046818,0.041973,0.046308,0.041326,15.3,0.042945,3.00E-04
1947-01-31,0.022013,0.020953,0.018443,0.017151,15.66,0.023529,3.00E-04
1947-02-28,-0.008307,-0.015166,-0.007728,-0.013425,15.43,-0.014687,3.00E-04
1947-03-31,-0.015008,-0.017731,-0.029037,-0.032255,15.17,-0.01685,3.00E-04
1947-04-30,-0.03956,-0.040772,-0.065362,-0.067125,14.58,-0.038893,3.00E-04
1947-05-29,-9.90E-04,-0.01047,-0.018516,-0.025904,14.45,-0.008916,3.00E-04
1947-06-30,0.053991,0.050908,0.050607,0.047254,15.21,0.052595,3.00E-04
1947-07-31,0.039572,0.038369,0.054632,0.052664,15.76,0.03616,3.00E-04
1947-08-29,-0.023076,-0.029148,-0.023745,-0.028934,15.32,-0.027919,3.00E-04
1947-09-30,-0.009928,-0.01369,-0.001423,-0.006319,15.11,-0.013708,6.00E-04
1947-10-31,0.020578,0.019353,0.011543,0.009773,15.43,0.021178,6.00E-04
1947-11-29,-0.017633,-0.029555,-0.038862,-0.048263,14.99,-0.028516,6.00E-04
1947-12-31,0.030784,0.025273,0.040836,0.03373,15.3,0.02068,8.00E-04
1948-01-31,-0.037743,-0.038905,-0.01768,-0.01959,14.69,-0.039869,7.00E-04
1948-02-28,-0.040232,-0.047782,-0.047395,-0.053806,14,-0.046971,7.00E-04
1948-03-31,0.08144,0.077022,0.100368,0.095031,15.08,0.077143,9.00E-04
1948-04-30,0.030821,0.028537,0.034635,0.032835,15.48,0.026525,8.00E-04
1948-05-28,0.084014,0.077523,0.077794,0.071325,16.69,0.078165,8.00E-04
1948-06-30,0.007665,0.003687,0.010301,0.005884,16.74,0.002996,9.00E-04
1948-07-30,-0.052296,-0.053144,-0.048966,-0.050497,15.85,-0.053166,8.00E-04
1948-08-31,0.015539,0.008123,0.01754,0.011143,15.97,0.007571,9.00E-04
1948-09-30,-0.027016,-0.031159,-0.036962,-0.04129,15.49,-0.030056,4.00E-04
1948-10-30,0.070041,0.067023,0.059347,0.056643,16.54,0.067786,4.00E-04
1948-11-30,-0.098332,-0.109939,-0.109582,-0.119509,14.75,-0.108223,4.00E-04
1948-12-31,0.035952,0.029719,0.028019,0.020678,15.2,0.030508,4.00E-04
1949-01-31,0.002676,0.001377,0.014855,0.012807,15.22,0.001316,0.001
1949-02-28,-0.031639,-0.041472,-0.028418,-0.036201,14.62,-0.039422,9.00E-04
1949-03-31,0.033981,0.029349,0.042145,0.036673,15.06,0.030096,0.001
1949-04-30,-0.018691,-0.021717,-0.028888,-0.030948,14.74,-0.021248,9.00E-04
1949-05-31,-0.029423,-0.037792,-0.026519,-0.034655,14.19,-0.037313,0.001
1949-06-30,0.001744,-0.003269,-0.00671,-0.011614,14.16,-0.002114,0.001
1949-07-29,0.062732,0.061657,0.056199,0.054321,15.04,0.062147,9.00E-04
1949-08-31,0.0218,0.011738,0.023593,0.015023,15.22,0.011968,9.00E-04
1949-09-30,0.027415,0.024293,0.034209,0.030226,15.58,0.023653,9.00E-04
1949-10-31,0.02978,0.028437,0.018565,0.016267,16.04,0.029525,9.00E-04
1949-11-30,0.020738,4.82E-04,0.018941,0.007634,16.06,0.001247,8.00E-04
1949-12-31,0.050984,0.046034,0.068272,0.061708,16.76,0.043587,9.00E-04
1950-01-31,0.019703,0.018245,0.033964,0.031615,17.05,0.017303,9.00E-04
1950-02-28,0.019603,0.009975,0.018479,0.011781,17.22,0.009971,9.00E-04
1950-03-31,0.008185,0.003542,0.004111,-0.001171,17.29,0.004065,0.001
1950-04-29,0.045887,0.044493,0.035929,0.033728,18.07,0.045113,9.00E-04
1950-05-31,0.046902,0.03759,0.025339,0.01775,18.78,0.039292,0.001
1950-06-30,-0.054224,-0.057849,-0.072075,-0.076445,17.69,-0.05804,0.001
1950-07-31,0.016981,0.015875,0.049028,0.046996,17.84,0.008479,0.001
1950-08-31,0.048063,0.031526,0.034931,0.025701,18.42,0.032511,0.001
1950-09-29,0.059466,0.05651,0.064843,0.060597,19.45,0.055917,0.001
1950-10-31,0.005084,0.003425,-0.007084,-0.01004,19.53,0.004113,0.0012
1950-11-30,0.02243,-7.30E-05,0.028721,0.014962,19.51,-0.001024,0.0011
1950-12-30,0.055425,0.051025,0.079679,0.071878,20.41,0.04613,0.0011
1951-01-31,0.065105,0.063309,0.072271,0.069941,21.66,0.061244,0.0013
1951-02-28,0.014546,0.004185,0.009446,0.002608,21.8,0.006464,0.001
1951-03-31,-0.017484,-0.019706,-0.024806,-0.028969,21.4,-0.018349,0.0011
1951-04-30,0.049108,0.047903,0.031718,0.029388,22.43,0.048131,0.0013
1951-05-31,-0.029979,-0.040917,-0.022844,-0.030399,21.52,-0.040571,0.0012
1951-06-29,-0.025848,-0.028186,-0.041803,-0.045824,20.96,-0.026022,0.0012
1951-07-31,0.070935,0.070014,0.077191,0.074722,22.4,0.068702,0.0013
1951-08-31,0.05022,0.038396,0.035093,0.027443,23.28,0.039286,0.0013
1951-09-28,0.002868,0.001195,0.01852,0.014921,23.26,-8.59E-04,0.0012
1951-10-31,-0.013321,-0.015088,-0.023051,-0.025892,22.94,-0.013758,0.0016
1951-11-30,0.011388,-0.002574,0.014761,0.004767,22.88,-0.002616,0.0011
1951-12-31,0.041815,0.038467,0.027918,0.021387,23.77,0.038899,0.0012
1952-01-31,0.017768,0.016303,0.020778,0.018507,24.14,0.015566,0.0015
1952-02-29,-0.025241,-0.035743,-0.016045,-0.023296,23.26,-0.036454,0.0012
1952-03-31,0.052805,0.050655,0.04503,0.040612,24.37,0.047721,0.0011
1952-04-30,-0.041423,-0.043268,-0.03534,-0.038039,23.32,-0.043086,0.0012
1952-05-29,0.033698,0.023274,0.028118,0.020946,23.86,0.023156,0.0013
1952-06-30,0.047832,0.045795,0.039012,0.034668,24.96,0.046102,0.0015
1952-07-31,0.019129,0.017659,0.018871,0.016768,25.4,0.017628,0.0015
1952-08-29,-0.005674,-0.015007,-0.004182,-0.010595,25.03,-0.014567,0.0015
1952-09-30,-0.018085,-0.020098,-0.018359,-0.02209,24.54,-0.019577,0.0016
1952-10-31,3.20E-04,-0.001244,-0.011536,-0.014703,24.52,-8.15E-04,0.0014
1952-11-28,0.061382,0.048273,0.076125,0.066683,25.66,0.046493,0.001
1952-12-31,0.038215,0.035725,0.035868,0.03085,26.57,0.035464,0.0016
1953-01-30,-0.006207,-0.006795,0.006762,0.005373,26.38,-0.007151,0.0016
1953-02-27,-0.00754,-0.017804,-0.006503,-0.01363,25.9,-0.018196,0.0014
1953-03-31,-0.022288,-0.024368,-0.016475,-0.020824,25.29,-0.023552,0.0018
1953-04-30,-0.025308,-0.026832,-0.024339,-0.026714,24.62,-0.026493,0.0016
1953-05-29,0.007401,-0.00273,0.009466,0.00236,24.54,-0.003249,0.0017
1953-06-30,-0.014266,-0.016183,-0.01833,-0.022198,24.14,-0.0163,0.0018
1953-07-31,0.026314,0.024844,0.023165,0.020736,24.75,0.025269,0.0015
1953-08-31,-0.050101,-0.060097,-0.055387,-0.062175,23.32,-0.057778,0.0017
1953-09-30,0.002187,7.20E-05,-0.006662,-0.010568,23.35,0.001286,0.0016
1953-10-30,0.051046,0.049806,0.042035,0.039158,24.54,0.050964,0.0013
1953-11-30,0.023763,0.009879,0.026921,0.016747,24.76,0.008965,8.00E-04
1953-12-31,0.001713,-0.001189,-0.010892,-0.016379,24.81,0.002019,0.0013
1954-01-29,0.053486,0.052586,0.060393,0.058423,26.08,0.051189,0.0011
1954-02-26,0.012916,0.002343,0.009183,0.001406,26.15,0.002684,7.00E-04
1954-03-31,0.03053,0.028423,0.024439,0.019603,26.94,0.03021,8.00E-04
1954-04-30,0.048358,0.04714,0.018966,0.016994,28.26,0.048998,9.00E-04
1954-05-28,0.042777,0.033606,0.044412,0.037575,29.19,0.032909,5.00E-04
1954-06-30,0.002467,5.33E-04,0.013743,0.010138,29.21,6.85E-04,6.00E-04
1954-07-30,0.058701,0.05778,0.059918,0.058141,30.88,0.057172,5.00E-04
1954-08-31,-0.025894,-0.034753,-0.02637,-0.032922,29.83,-0.034003,5.00E-04
1954-09-30,0.0825,0.080888,0.045818,0.042524,32.31,0.083138,9.00E-04
1954-10-29,-0.017867,-0.018659,-0.009137,-0.011019,31.68,-0.019499,7.00E-04
1954-11-30,0.095774,0.082712,0.107042,0.097434,34.24,0.080808,6.00E-04
1954-12-31,0.054288,0.052361,0.075205,0.071814,35.98,0.050818,8.00E-04
1955-01-31,0.018076,0.017591,0.008848,0.007644,36.63,0.018066,8.00E-04
1955-02-28,0.013526,0.005446,0.032885,0.026669,36.76,0.003549,9.00E-04
1955-03-31,-0.002242,-0.003851,-0.003973,-0.007475,36.58,-0.004897,0.001
1955-04-29,0.039843,0.038885,0.036513,0.034981,37.96,0.037726,0.001
1955-05-31,0.006433,-0.001081,0.012066,0.006198,37.91,-0.001317,0.0014
1955-06-30,0.0813,0.07993,0.040231,0.036965,41.03,0.0823,0.001
1955-07-29,0.057646,0.057068,0.007444,0.005972,43.52,0.060687,0.001
1955-08-31,-6.48E-04,-0.008313,0.004282,-0.001447,43.18,-0.007813,0.0016
1955-09-30,0.011286,0.010117,-0.01994,-0.022709,43.67,0.011348,0.0016
1955-10-31,-0.030468,-0.031,-0.029509,-0.031032,42.34,-0.030456,0.0018
1955-11-30,0.087825,0.075124,0.069658,0.060624,45.51,0.07487,0.0017
1955-12-30,-3.09E-04,-0.001685,0.00702,0.004091,45.48,-6.59E-04,0.0018
1956-01-31,-0.035057,-0.036279,-0.029282,-0.03112,43.82,-0.0365,0.0022
1956-02-29,0.041397,0.034458,0.035648,0.029366,45.34,0.034687,0.0019
1956-03-29,0.070328,0.069226,0.057738,0.054317,48.48,0.069255,0.0015
1956-04-30,-6.37E-04,-0.001425,-0.006672,-0.008259,48.38,-0.002063,0.0019
1956-05-31,-0.058414,-0.065976,-0.045339,-0.05149,45.2,-0.06573,0.0023
1956-06-29,0.03891,0.037762,0.0251,0.022321,46.97,0.039159,0.002
1956-07-31,0.051427,0.050619,0.039614,0.037923,49.39,0.051522,0.0022
1956-08-31,-0.032788,-0.039976,-0.031743,-0.037397,47.51,-0.038064,0.0017
1956-09-28,-0.044022,-0.045127,-0.043159,-0.046117,45.35,-0.045464,0.0018
1956-10-31,0.006619,0.005298,0.004706,0.002011,45.58,0.005072,0.0025
1956-11-30,-0.001921,-0.011161,-0.002676,-0.00988,45.08,-0.01097,0.002
1956-12-31,0.036284,0.034442,0.026143,0.021893,46.67,0.035271,0.0024
1957-01-31,-0.040238,-0.041569,-0.007459,-0.009516,44.72,-0.041783,0.0027
1957-02-28,-0.024919,-0.032823,-0.027027,-0.033574,43.26,-0.032648,0.0024
1957-03-29,0.023827,0.020752,0.021729,0.017485,44.11,0.019649,0.0023
1957-04-30,0.046538,0.045215,0.028393,0.026411,45.74,0.036953,0.0025
1957-05-31,0.038734,0.033208,0.023925,0.018511,47.43,0.036948,0.0026
1957-06-28,-7.05E-04,-0.003632,-0.007865,-0.011632,47.37,-0.001265,0.0024
1957-07-31,0.009747,0.008217,0.002362,2.95E-04,47.91,0.0114,0.003
1957-08-30,-0.048998,-0.054178,-0.051084,-0.05616,45.22,-0.056147,0.0025
1957-09-30,-0.057879,-0.060609,-0.049284,-0.053811,42.42,-0.06192,0.0026
1957-10-31,-0.038834,-0.040549,-0.055624,-0.058402,41.06,-0.03206,0.0029
1957-11-29,0.023703,0.016483,0.023873,0.017426,41.72,0.016074,0.0028
1957-12-31,-0.037422,-0.041021,-0.048022,-0.053394,39.99,-0.041467,0.0024
1958-01-31,0.045518,0.04433,0.099789,0.097821,41.7,0.042761,0.0028
1958-02-28,-0.014109,-0.020288,-0.011325,-0.016617,40.84,-0.020624,0.0012
1958-03-31,0.033052,0.029736,0.039061,0.034599,42.1,0.030852,9.00E-04
1958-04-30,0.033511,0.032038,0.033179,0.031104,43.44,0.031829,8.00E-04
1958-05-29,0.021313,0.015503,0.034512,0.029863,44.09,0.014963,0.0011
1958-06-30,0.027998,0.024897,0.026758,0.022805,45.24,0.026083,3.00E-04
1958-07-31,0.04396,0.042418,0.056779,0.054981,47.19,0.043103,7.00E-04
1958-08-29,0.017999,0.01327,0.02899,0.024851,47.75,0.011867,4.00E-04
1958-09-30,0.050837,0.047954,0.053745,0.050038,50.06,0.048377,0.0019
1958-10-31,0.02737,0.025878,0.028065,0.02613,51.33,0.02537,0.0018
1958-11-28,0.028617,0.023385,0.039041,0.034636,52.48,0.022404,0.0011
1958-12-31,0.054112,0.051432,0.039755,0.036005,55.21,0.05202,0.0022
1959-01-30,0.006331,0.005395,0.033378,0.032038,55.42,0.003804,0.0021
1959-02-27,0.006711,0.00221,0.024427,0.020708,55.41,-1.80E-04,0.0019
1959-03-31,0.003352,8.26E-04,0.00558,0.002336,55.44,5.41E-04,0.0022
1959-04-30,0.040054,0.039093,0.028593,0.027249,57.59,0.038781,0.002
1959-05-29,0.023631,0.019043,0.01216,0.008451,58.68,0.018927,0.0022
1959-06-30,-7.25E-04,-0.003196,0.006939,0.003837,58.47,-0.003579,0.0025
1959-07-31,0.034504,0.033514,0.028023,0.026727,60.51,0.03489,0.0025
1959-08-31,-0.011076,-0.015179,-0.014613,-0.018194,59.6,-0.015039,0.0019
1959-09-30,-0.043182,-0.045586,-0.040954,-0.044783,56.88,-0.045638,0.0031
1959-10-30,0.012574,0.011436,0.013011,0.011226,57.52,0.011252,0.003
1959-11-30,0.018486,0.013114,0.01552,0.010947,58.28,0.013213,0.0026
1959-12-31,0.029627,0.026911,0.017537,0.013658,59.89,0.027625,0.0034
1960-01-29,-0.069933,-0.070835,-0.049087,-0.050336,55.61,-0.071464,0.0033
1960-02-29,0.013922,0.009129,0.00749,0.00334,56.12,0.009171,0.0029
1960-03-31,-0.012566,-0.015238,-0.025784,-0.02959,55.34,-0.013899,0.0035
1960-04-29,-0.016113,-0.017097,-0.015902,-0.017289,54.37,-0.017528,0.0019
1960-05-31,0.033513,0.028312,0.025842,0.020907,55.83,0.026853,0.0027
1960-06-30,0.021802,0.019133,0.020119,0.016784,56.92,0.019524,0.0024
1960-07-29,-0.022948,-0.023813,-0.018612,-0.019928,55.51,-0.024772,0.0013
1960-08-31,0.031467,0.026197,0.034033,0.028714,56.96,0.026121,0.0017
1960-09-30,-0.058713,-0.06092,-0.06056,-0.063383,53.52,-0.060393,0.0016
1960-10-31,-0.001079,-0.002407,-0.01149,-0.013091,53.39,-0.002429,0.0022
1960-11-30,0.046081,0.039977,0.047319,0.041373,55.54,0.04027,0.0013
1960-12-30,0.048839,0.046597,0.039062,0.036143,58.11,0.046273,0.0016
1961-01-31,0.06432,0.063181,0.07833,0.076854,61.78,0.063156,0.0019
1961-02-28,0.032838,0.028612,0.056078,0.051918,63.44,0.02687,0.0014
1961-03-30,0.029345,0.027051,0.035927,0.032843,65.06,0.025536,0.002
1961-04-28,0.004537,0.003843,6.84E-04,-3.24E-04,65.31,0.003843,0.0017
1961-05-31,0.023553,0.018924,0.043181,0.038794,66.56,0.019139,0.0018
1961-06-30,-0.026673,-0.028725,-0.036306,-0.038926,64.64,-0.028846,0.002
1961-07-31,0.033795,0.033119,0.017996,0.016974,66.76,0.032797,0.0018
1961-08-31,0.02473,0.019511,0.027919,0.023491,68.07,0.019623,0.0014
1961-09-29,-0.018674,-0.019877,-0.025485,-0.027654,66.73,-0.019686,0.0017
1961-10-31,0.028175,0.026791,0.022914,0.021595,68.62,0.028323,0.0019
1961-11-30,0.045226,0.039324,0.041196,0.036662,71.32,0.039347,0.0015
1961-12-29,0.004696,0.003465,-0.001532,-0.003924,71.55,0.003225,0.0019
1962-01-31,-0.037356,-0.038692,-0.01256,-0.013858,68.84,-0.037876,0.0024
1962-02-28,0.020592,0.016147,0.014284,0.010451,69.96,0.01627,0.002
1962-03-30,-0.003842,-0.005137,-0.008335,-0.010767,69.55,-0.00586,0.002
1962-04-30,-0.061743,-0.062443,-0.067393,-0.068373,65.24,-0.06197,0.0022
1962-05-31,-0.079847,-0.085499,-0.089426,-0.093902,59.63,-0.08599,0.0024
1962-06-29,-0.080669,-0.082222,-0.081229,-0.084086,54.75,-0.081838,0.002
1962-07-31,0.065203,0.063969,0.057917,0.056461,58.23,0.063562,0.0027
1962-08-31,0.021669,0.015803,0.021886,0.01704,59.12,0.015284,0.0023
1962-09-28,-0.048816,-0.050259,-0.058491,-0.061188,56.27,-0.048207,0.0021
1962-10-31,0.008313,0.006405,-0.008516,-0.010464,56.52,0.004443,0.0025
1962-11-30,0.108268,0.100528,0.132839,0.127246,62.26,0.101557,0.002
1962-12-31,0.015534,0.01404,-0.003741,-0.006833,63.1,0.013492,0.0023
1963-01-31,0.050367,0.048957,0.073533,0.072098,66.2,0.049128,0.0025
1963-02-28,-0.024189,-0.029164,-0.013529,-0.017706,64.29,-0.028852,0.0023
1963-03-29,0.036581,0.035156,0.024483,0.021636,66.57,0.035464,0.0023
1963-04-30,0.04907,0.048177,0.045601,0.044409,69.8,0.04852,0.0025
1963-05-31,0.019674,0.013844,0.032577,0.028163,70.8,0.014327,0.0024
1963-06-28,-0.018605,-0.019806,-0.015077,-0.017482,69.37,-0.020198,0.0023
1963-07-31,-0.001821,-0.003131,-0.011361,-0.012758,69.13,-0.00346,0.0027
1963-08-30,0.053466,0.048496,0.057987,0.053718,72.5,0.048749,0.0025
1963-09-30,-0.010402,-0.011579,-0.019518,-0.02191,71.7,-0.011034,0.0027
1963-10-31,0.034825,0.03329,0.026247,0.024639,74.01,0.032218,0.0029
1963-11-29,-0.004487,-0.011085,-0.004267,-0.008521,73.23,-0.010539,0.0027
1963-12-31,0.026065,0.024651,0.017259,0.013928,75.02,0.024444,0.0029
1964-01-31,0.027391,0.026373,0.019843,0.018579,77.04,0.026926,0.003
1964-02-28,0.017015,0.012171,0.028215,0.024235,77.8,0.009865,0.0026
1964-03-31,0.017232,0.015814,0.032726,0.029991,78.98,0.015167,0.0031
1964-04-30,0.006192,0.005297,0.002203,9.05E-04,79.46,0.006077,0.0029
1964-05-28,0.016815,0.01146,0.018079,0.014185,80.37,0.011452,0.0026
1964-06-30,0.018084,0.016779,0.020368,0.017715,81.69,0.016424,0.003
1964-07-31,0.01891,0.017953,0.024316,0.022954,83.18,0.01824,0.003
1964-08-31,-0.011621,-0.016285,-0.008929,-0.012554,81.83,-0.01623,0.0028
1964-09-30,0.030399,0.029022,0.034314,0.031397,84.18,0.028718,0.0028
1964-10-30,0.008745,0.007566,0.016293,0.014895,84.86,0.008078,0.0029
1964-11-30,0.001598,-0.004588,-2.24E-04,-0.004293,84.42,-0.005185,0.0029
1964-12-31,0.005228,0.003803,-0.008076,-0.011202,84.75,0.003909,0.0031
1965-01-29,0.034791,0.033837,0.056642,0.055452,87.56,0.033156,0.0028
1965-02-26,0.003746,-8.53E-04,0.025174,0.021342,87.43,-0.001485,0.003
1965-03-31,-0.012213,-0.013685,0.001846,-9.01E-04,86.16,-0.014526,0.0036
1965-04-30,0.035612,0.034769,0.031638,0.03049,89.11,0.034239,0.0031
1965-05-28,-0.003122,-0.008354,-0.006473,-0.010308,88.42,-0.007743,0.0031
1965-06-30,-0.04688,-0.048367,-0.067641,-0.070336,84.12,-0.048632,0.0035
1965-07-30,0.014486,0.013678,0.024595,0.023334,85.25,0.013433,0.0031
1965-08-31,0.02756,0.022473,0.042121,0.037825,87.17,0.022522,0.0033
1965-09-30,0.033366,0.032034,0.03038,0.027897,89.96,0.032006,0.0031
1965-10-29,0.028812,0.027737,0.039076,0.037682,92.42,0.027345,0.0031
1965-11-30,-0.003821,-0.010306,0.020357,0.015716,91.61,-0.008764,0.0035
1965-12-31,0.010349,0.009059,0.028025,0.025533,92.43,0.008951,0.0033
1966-01-31,0.005705,0.004874,0.034103,0.032999,92.88,0.004869,0.0038
1966-02-28,-0.01275,-0.017548,0.003274,-4.44E-04,91.22,-0.017873,0.0035
1966-03-31,-0.023041,-0.024608,-0.023868,-0.026598,89.23,-0.021815,0.0038
1966-04-29,0.022158,0.02125,0.025064,0.023884,91.06,0.020509,0.0034
1966-05-31,-0.04914,-0.054645,-0.06731,-0.071517,86.13,-0.05414,0.0041
1966-06-30,-0.01438,-0.015904,-0.010593,-0.013318,84.74,-0.016138,0.0038
1966-07-29,-0.012129,-0.013039,-0.01203,-0.013255,83.6,-0.013453,0.0035
1966-08-31,-0.07165,-0.077487,-0.086739,-0.091723,77.1,-0.077751,0.0041
1966-09-30,-0.006244,-0.007692,-0.013219,-0.015999,76.56,-0.007004,0.004
1966-10-31,0.048333,0.047244,0.025877,0.024217,80.2,0.047544,0.0045
1966-11-30,0.011223,0.003741,0.029148,0.022902,80.45,0.003117,0.004
1966-12-30,3.26E-04,-0.001089,0.012243,0.009408,80.33,-0.001492,0.004
1967-01-31,0.079215,0.077723,0.123985,0.122261,86.61,0.078178,0.0043
1967-02-28,0.007514,0.00242,0.009006,0.004642,86.78,0.001963,0.0036
1967-03-31,0.041137,0.039544,0.050558,0.047743,90.2,0.03941,0.0039
1967-04-28,0.043371,0.042544,0.037676,0.036484,94.01,0.042239,0.0032
1967-05-31,-0.04681,-0.052314,-0.028494,-0.033227,89.08,-0.052441,0.0033
1967-06-30,0.019319,0.018015,0.036536,0.034047,90.64,0.017512,0.0027
1967-07-31,0.046454,0.045623,0.067561,0.066296,94.75,0.045344,0.0031
1967-08-31,-0.006824,-0.012197,0.004667,3.58E-04,93.64,-0.011715,0.0031
1967-09-29,0.033815,0.032597,0.026207,0.023875,96.71,0.032785,0.0032
1967-10-31,-0.027448,-0.028701,-0.049521,-0.051078,93.9,-0.029056,0.0039
1967-11-30,0.006435,5.33E-04,-4.46E-04,-0.00512,94,0.001065,0.0036
1967-12-29,0.027079,0.025857,0.045376,0.042955,96.47,0.026277,0.0033
1968-01-31,-0.041875,-0.043523,-0.012453,-0.014207,92.24,-0.043848,0.004
1968-02-29,-0.0269,-0.031973,-0.030877,-0.035072,89.36,-0.031223,0.0039
1968-03-29,0.009696,0.008585,0.003825,0.001547,90.2,0.0094,0.0038
1968-04-30,0.084092,0.082642,0.102252,0.100449,97.59,0.081929,0.0043
1968-05-31,0.016374,0.011104,0.042876,0.038751,98.68,0.011169,0.0045
1968-06-28,0.009916,0.008695,0.020069,0.017868,99.58,0.00912,0.0043
1968-07-30,-0.017444,-0.018664,-0.026167,-0.027628,97.74,-0.018478,0.0048
1968-08-30,0.016415,0.011259,0.025886,0.021768,98.86,0.011459,0.0042
1968-09-30,0.039351,0.03821,0.054931,0.052878,102.67,0.038539,0.0043
1968-10-31,0.008587,0.006751,0.013221,0.011577,103.41,0.007208,0.0044
1968-11-29,0.05358,0.048659,0.068079,0.064313,108.37,0.047964,0.0042
1968-12-31,-0.040826,-0.042141,-0.02446,-0.02665,103.86,-0.041617,0.0043
1969-01-31,-0.007547,-0.008612,-0.004498,-0.00581,103.01,-0.008184,0.0053
1969-02-28,-0.042321,-0.047384,-0.063398,-0.066978,98.13,-0.047374,0.0046
1969-03-28,0.034847,0.033599,0.021137,0.018878,101.51,0.034444,0.0046
1969-04-30,0.022771,0.021449,0.011765,0.010072,103.69,0.021476,0.0053
1969-05-29,0.003854,-0.001862,-0.005287,-0.009088,103.46,-0.002218,0.0048
1969-06-30,-0.054357,-0.055686,-0.082492,-0.084785,97.71,-0.055577,0.0051
1969-07-31,-0.058632,-0.059919,-0.069726,-0.071379,91.83,-0.060178,0.0053
1969-08-29,0.045728,0.04018,0.044136,0.039639,95.51,0.040074,0.005
1969-09-30,-0.023941,-0.025285,-0.018318,-0.020838,93.12,-0.025024,0.0062
1969-10-31,0.0469,0.044661,0.064115,0.061804,97.24,0.044244,0.006
1969-11-28,-0.029152,-0.034433,-0.043121,-0.04719,93.81,-0.035274,0.0052
1969-12-31,-0.016922,-0.018365,-0.03993,-0.04264,92.06,-0.018655,0.0064
1970-01-30,-0.075398,-0.076809,-0.058388,-0.059927,85.02,-0.076472,0.006
1970-02-27,0.059521,0.053615,0.068592,0.06378,89.5,0.052693,0.0062
1970-03-31,0.002806,0.001232,0.003637,7.26E-04,89.63,0.001453,0.0057
1970-04-30,-0.088831,-0.090035,-0.108801,-0.110449,81.52,-0.090483,0.005
1970-05-29,-0.054689,-0.061112,-0.082317,-0.087107,76.55,-0.060967,0.0053
1970-06-30,-0.049032,-0.050902,-0.058854,-0.062243,72.72,-0.050033,0.0058
1970-07-31,0.075523,0.073219,0.081903,0.079639,78.05,0.073295,0.0052
1970-08-31,0.049778,0.043782,0.062742,0.057507,81.52,0.044459,0.0053
1970-09-30,0.034702,0.033021,0.06525,0.062405,84.21,0.032998,0.0054
1970-10-30,-0.009032,-0.011639,-0.032163,-0.0344,83.25,-0.0114,0.0046
1970-11-30,0.054387,0.048836,0.046937,0.042169,87.2,0.047447,0.0046
1970-12-31,0.058684,0.057358,0.084505,0.081912,92.15,0.056766,0.0042
1971-01-29,0.042828,0.0415,0.083935,0.082498,95.88,0.040477,0.0038
1971-02-26,0.013317,0.008152,0.021101,0.017321,96.75,0.009074,0.0033
1971-03-31,0.039068,0.037624,0.039888,0.037383,100.31,0.036796,0.003
1971-04-30,0.036965,0.035789,0.041374,0.039944,103.95,0.036288,0.0028
1971-05-28,-0.03715,-0.042138,-0.041095,-0.044648,99.63,-0.041558,0.0029
1971-06-30,0.002439,0.001061,-0.005647,-0.008119,99.7,7.03E-04,0.0037
1971-07-30,-0.040827,-0.041901,-0.042866,-0.044264,95.58,-0.041324,0.004
1971-08-31,0.042036,0.036549,0.052668,0.048587,99.03,0.036095,0.0047
1971-09-30,-0.005038,-0.006387,-0.014162,-0.016264,98.34,-0.006968,0.0037
1971-10-29,-0.040129,-0.042015,-0.054981,-0.056837,94.23,-0.041794,0.0037
1971-11-30,0.002898,-0.002029,-0.017273,-0.021114,93.99,-0.002547,0.0037
1971-12-31,0.08788,0.086486,0.108969,0.106608,102.09,0.086179,0.0037
1972-01-31,0.019088,0.017814,0.038139,0.036525,103.94,0.018121,0.0029
1972-02-29,0.030221,0.025416,0.027578,0.024026,106.57,0.025303,0.0025
1972-03-30,0.007315,0.006132,0.001281,-7.64E-04,107.2,0.005912,0.0027
1972-04-28,0.005476,0.004658,0.00467,0.003367,107.67,0.004384,0.0029
1972-05-31,0.022019,0.016763,9.45E-04,-0.003015,109.53,0.017275,0.003
1972-06-30,-0.020156,-0.021378,-0.03102,-0.033208,107.14,-0.021821,0.0029
1972-07-31,0.003245,0.002126,-0.020226,-0.021821,107.39,0.002333,0.0031
1972-08-31,0.039425,0.034649,0.041005,0.037076,111.09,0.034454,0.0029
1972-09-29,-0.003277,-0.004516,-0.021428,-0.023557,110.55,-0.004861,0.0034
1972-10-31,0.010878,0.009503,0.003161,0.001257,111.58,0.009317,0.004
1972-11-30,0.050297,0.045173,0.073014,0.069041,116.67,0.045617,0.0037
1972-12-29,0.013663,0.012622,-0.011839,-0.01392,118.05,0.011828,0.0037
1973-01-31,-0.016752,-0.018044,-0.049043,-0.050561,116.03,-0.017111,0.0044
1973-02-28,-0.033818,-0.038229,-0.048057,-0.051915,111.68,-0.03749,0.0041
1973-03-30,-0.001093,-0.002089,-0.013546,-0.015889,111.52,-0.001433,0.0046
1973-04-30,-0.040064,-0.041236,-0.048872,-0.050663,106.97,-0.0408,0.0052
1973-05-31,-0.01395,-0.019002,-0.046895,-0.051585,104.95,-0.018884,0.0051
1973-06-29,-0.005178,-0.006522,-0.026751,-0.029548,104.26,-0.006575,0.0051
1973-07-31,0.039128,0.037679,0.074206,0.072115,108.22,0.037982,0.0064
1973-08-31,-0.031544,-0.036505,-0.02043,-0.025377,104.25,-0.036685,0.007
1973-09-28,0.042219,0.041038,0.095102,0.092735,108.43,0.040096,0.0068
1973-10-31,3.12E-04,-0.00156,3.70E-04,-0.002016,108.29,-0.001291,0.0065
1973-11-30,-0.10722,-0.113046,-0.150922,-0.155919,95.96,-0.113861,0.0056
1973-12-31,0.017971,0.016534,0.010212,0.006804,97.55,0.016569,0.0064
1974-01-31,-0.00812,-0.009749,0.070594,0.068305,96.57,-0.010046,0.0063
1974-02-28,0.001992,-0.003695,0.01525,0.010419,96.22,-0.003624,0.0058
1974-03-29,-0.021818,-0.023154,-0.020739,-0.024063,93.98,-0.02328,0.0056
1974-04-30,-0.037649,-0.039359,-0.054491,-0.057073,90.31,-0.039051,0.0075
1974-05-31,-0.026896,-0.033127,-0.062036,-0.067643,87.28,-0.033551,0.0075
1974-06-28,-0.012816,-0.014583,-0.028428,-0.032315,86,-0.014665,0.006
1974-07-31,-0.076698,-0.0785,-0.048018,-0.050821,79.31,-0.077791,0.007
1974-08-30,-0.082177,-0.089737,-0.088521,-0.09529,72.15,-0.090279,0.006
1974-09-30,-0.117511,-0.119578,-0.080483,-0.085022,63.54,-0.119335,0.0081
1974-10-31,0.168113,0.164814,0.136543,0.132523,73.9,0.163047,0.0051
1974-11-29,-0.045688,-0.053816,-0.040366,-0.048104,69.97,-0.05318,0.0054
1974-12-31,-0.018021,-0.020305,-0.034578,-0.039534,68.56,-0.020151,0.007
1975-01-31,0.12361,0.121698,0.231295,0.228545,76.98,0.122812,0.0058
1975-02-28,0.06746,0.059497,0.047101,0.040466,81.59,0.059886,0.0043
1975-03-31,0.024014,0.022122,0.068629,0.064325,83.36,0.021694,0.0041
1975-04-30,0.049424,0.047293,0.043086,0.040603,87.3,0.047265,0.0044
1975-05-30,0.051193,0.044794,0.059038,0.053101,91.15,0.044101,0.0044
1975-06-30,0.04622,0.044342,0.064031,0.060386,95.19,0.044323,0.0041
1975-07-31,-0.065504,-0.067553,-0.054769,-0.057049,88.75,-0.067654,0.0048
1975-08-29,-0.015663,-0.021731,-0.028157,-0.033283,86.88,-0.02107,0.0048
1975-09-30,-0.03225,-0.034226,-0.035548,-0.039229,83.87,-0.034645,0.0053
1975-10-31,0.064855,0.062135,0.04802,0.044945,89.04,0.061643,0.0056
1975-11-28,0.030089,0.023996,0.035285,0.030446,91.24,0.024708,0.0041
1975-12-31,-0.010485,-0.012296,-0.002209,-0.005891,90.19,-0.011508,0.0048
1976-01-30,0.120143,0.118545,0.160253,0.15825,100.86,0.118306,0.0047
1976-02-27,-0.005756,-0.01162,0.035711,0.031245,99.71,-0.011402,0.0034
1976-03-31,0.03264,0.030786,0.019319,0.015831,102.77,0.030689,0.004
1976-04-30,-0.00961,-0.010699,-0.008644,-0.010487,101.64,-0.010995,0.0042
1976-05-28,-0.008116,-0.015026,-0.016461,-0.021278,100.18,-0.014364,0.0037
1976-06-30,0.043959,0.042158,0.054092,0.050594,104.28,0.040926,0.0043
1976-07-30,-0.007202,-0.008454,-0.006056,-0.007535,103.44,-0.008055,0.0047
1976-08-31,0.001599,-0.004982,-0.010466,-0.015543,102.91,-0.005124,0.0042
1976-09-30,0.024421,0.02267,0.01988,0.01685,105.24,0.022641,0.0044
1976-10-29,-0.020211,-0.021995,-0.024064,-0.026095,102.9,-0.022235,0.0041
1976-11-30,-0.001041,-0.008628,0.022976,0.017396,102.1,-0.007775,0.004
1976-12-31,0.053775,0.05217,0.074751,0.071956,107.46,0.052498,0.004
1977-01-31,-0.049654,-0.051167,-0.033987,-0.035663,102.03,-0.05053,0.0036
1977-02-28,-0.015638,-0.0224,-0.018894,-0.023645,99.82,-0.02166,0.0035
1977-03-31,-0.012502,-0.014548,7.57E-04,-0.00261,98.42,-0.014025,0.0038
1977-04-29,6.41E-04,-5.03E-04,0.008245,0.006641,98.44,2.03E-04,0.0038
1977-05-31,-0.015064,-0.023541,-0.013983,-0.019743,96.12,-0.023568,0.0037
1977-06-30,0.047776,0.045705,0.052666,0.049498,100.48,0.04536,0.004
1977-07-29,-0.015453,-0.016589,-0.017614,-0.019139,98.85,-0.016222,0.0042
1977-08-31,-0.01231,-0.020221,-0.014606,-0.020464,96.77,-0.021042,0.0044
1977-09-30,-8.25E-04,-0.003084,-0.00194,-0.005207,96.53,-0.00248,0.0043
1977-10-31,-0.041984,-0.043869,-0.037299,-0.039474,92.34,-0.043406,0.0049
1977-11-30,0.036752,0.026953,0.06286,0.056317,94.83,0.026966,0.005
1977-12-30,0.00557,0.003637,0.001322,-0.001858,95.1,0.002847,0.0049
1978-01-31,-0.060643,-0.062611,-0.052203,-0.054196,89.25,-0.061514,0.0049
1978-02-28,-0.01626,-0.024938,-0.010106,-0.0164,87.04,-0.024762,0.0046
1978-03-31,0.026925,0.024356,0.052852,0.049195,89.21,0.024931,0.0053
1978-04-28,0.088964,0.087593,0.084346,0.082595,96.83,0.085416,0.0054
1978-05-31,0.013719,0.004436,0.033585,0.027039,97.24,0.004234,0.0051
1978-06-30,-0.016578,-0.018953,-0.012138,-0.015439,95.53,-0.017585,0.0054
1978-07-31,0.056974,0.055121,0.061513,0.059432,100.68,0.05391,0.0056
1978-08-31,0.033641,0.025563,0.050556,0.044743,103.29,0.025924,0.0056
1978-09-29,-0.005163,-0.007483,-0.008445,-0.011506,102.54,-0.007261,0.0062
1978-10-31,-0.08957,-0.092269,-0.132708,-0.135258,93.15,-0.091574,0.0068
1978-11-30,0.026771,0.0174,0.028728,0.022027,94.7,0.01664,0.007
1978-12-29,0.016627,0.014264,0.009073,0.005322,96.11,0.014889,0.0078
1979-01-31,0.042697,0.040161,0.068738,0.066211,99.93,0.039746,0.0077
1979-02-28,-0.028649,-0.036958,-0.030595,-0.036749,96.28,-0.036526,0.0073
1979-03-30,0.057361,0.054825,0.072952,0.069101,101.59,0.055152,0.0081
1979-04-30,0.004183,0.002218,0.010733,0.008284,101.76,0.001673,0.008
1979-05-31,-0.016818,-0.026303,-0.012932,-0.019439,99.08,-0.026336,0.0082
1979-06-29,0.040324,0.037792,0.051772,0.04784,102.91,0.038656,0.0081
1979-07-31,0.012051,0.009737,0.027324,0.024765,103.81,0.008746,0.0077
1979-08-31,0.061865,0.053222,0.071897,0.065442,109.32,0.053078,0.0077
1979-09-28,0.001416,-8.72E-04,-9.64E-04,-0.003896,109.32,0,0.0083
1979-10-31,-0.06556,-0.068517,-0.091444,-0.094343,101.82,-0.068606,0.0087
1979-11-30,0.052777,0.04357,0.065807,0.058867,106.16,0.042624,0.0099
1979-12-31,0.01834,0.015892,0.040352,0.036377,107.94,0.016767,0.0095
1980-01-31,0.061308,0.058935,0.058776,0.056395,114.16,0.057625,0.008
1980-02-29,0.002611,-0.005574,-0.031633,-0.037766,113.66,-0.00438,0.0089
1980-03-31,-0.097518,-0.100096,-0.105716,-0.109875,102.09,-0.101795,0.0121
1980-04-30,0.042394,0.039877,0.045939,0.043137,106.29,0.04114,0.0126
1980-05-30,0.05556,0.046651,0.081396,0.074573,111.24,0.046571,0.0081
1980-06-30,0.029722,0.026895,0.03273,0.028529,114.24,0.026969,0.0061
1980-07-31,0.0682,0.06563,0.091636,0.089087,121.67,0.065039,0.0053
1980-08-29,0.013454,0.00603,0.026901,0.021016,122.38,0.005835,0.0064
1980-09-30,0.027935,0.025155,0.0286,0.024886,125.46,0.025168,0.0075
1980-10-31,0.017809,0.014742,0.008989,0.005923,127.47,0.016021,0.0095
1980-11-28,0.10991,0.103015,0.064686,0.059359,140.52,0.102377,0.0096
1980-12-31,-0.030634,-0.033006,-0.011078,-0.015066,135.76,-0.033874,0.0131
1981-01-30,-0.04337,-0.045036,-0.011364,-0.013366,129.55,-0.045742,0.0104
1981-02-27,0.021267,0.013492,0.028192,0.022379,131.27,0.013277,0.0107
1981-03-31,0.038285,0.035426,0.082034,0.07786,136,0.036033,0.0121
1981-04-30,-0.020211,-0.021967,6.61E-04,-0.001427,132.81,-0.023456,0.0108
1981-05-29,0.006539,-0.001124,0.017051,0.011688,132.59,-0.001657,0.0115
1981-06-30,-0.008255,-0.01118,-0.008757,-0.012767,131.21,-0.010408,0.0135
1981-07-31,7.14E-04,-9.46E-04,-0.017618,-0.019626,130.92,-0.00221,0.0124
1981-08-31,-0.05554,-0.063659,-0.062569,-0.068274,122.79,-0.062099,0.0128
1981-09-30,-0.050466,-0.0535,-0.05138,-0.05558,116.18,-0.053832,0.0124
1981-10-30,0.052115,0.048694,0.058788,0.055661,121.89,0.049148,0.0121
1981-11-30,0.043827,0.035918,0.042338,0.036247,126.35,0.03659,0.0107
1981-12-31,-0.027059,-0.029745,-0.019789,-0.023557,122.55,-0.030075,0.0087
1982-01-29,-0.015367,-0.016874,-0.019549,-0.021498,120.4,-0.017544,0.008
1982-02-26,-0.050441,-0.059588,-0.036622,-0.042849,113.11,-0.060548,0.0092
1982-03-31,-0.006805,-0.010463,-0.003248,-0.008096,111.96,-0.010167,0.0098
1982-04-30,0.04155,0.040063,0.047615,0.045501,116.44,0.040014,0.0113
1982-05-28,-0.029505,-0.039834,-0.043972,-0.051,111.88,-0.039162,0.0106
1982-06-30,-0.015779,-0.018934,-0.007225,-0.011401,109.61,-0.02029,0.0096
1982-07-30,-0.020199,-0.022058,-0.015098,-0.017268,107.09,-0.022991,0.0105
1982-08-31,0.127402,0.116647,0.129328,0.121731,119.51,0.115977,0.0076
1982-09-30,0.010496,0.007717,0.016275,0.012506,120.42,0.007614,0.0051
1982-10-29,0.113863,0.111235,0.143918,0.141359,133.71,0.110364,0.0059
1982-11-30,0.045754,0.037554,0.060061,0.054568,138.54,0.036123,0.0063
1982-12-31,0.016835,0.014676,0.015472,0.012346,140.64,0.015158,0.0067
1983-01-31,0.035293,0.033317,0.035262,0.033168,145.3,0.033134,0.0069
1983-02-28,0.025733,0.018539,0.040992,0.036144,148.06,0.018995,0.0062
1983-03-31,0.03547,0.032459,0.051423,0.048001,152.96,0.033095,0.0063
1983-04-29,0.075719,0.074655,0.068731,0.067365,164.42,0.074922,0.0071
1983-05-31,-0.005687,-0.0121,0.025788,0.020797,162.39,-0.012346,0.0069
1983-06-30,0.03697,0.033719,0.031633,0.028802,168.11,0.035224,0.0067
1983-07-29,-0.031238,-0.032321,-0.026509,-0.027889,162.56,-0.033014,0.0074
1983-08-31,0.015864,0.009484,0.004522,-3.51E-04,164.4,0.011319,0.0076
1983-09-30,0.014105,0.010838,0.026009,0.023181,166.07,0.010158,0.0076
1983-10-31,-0.013108,-0.014695,-0.018816,-0.020633,163.55,-0.015174,0.0076
1983-11-30,0.023846,0.017363,0.047169,0.042412,166.4,0.017426,0.007
1983-12-30,-0.005749,-0.008699,-0.008631,-0.011392,164.93,-0.008834,0.0073
1984-01-31,-0.003898,-0.005657,-0.013908,-0.01561,163.41,-0.009216,0.0076
1984-02-29,-0.034034,-0.039505,-0.047416,-0.051678,157.06,-0.038859,0.0071
1984-03-30,0.017295,0.013714,0.022524,0.019239,159.18,0.013498,0.0073
1984-04-30,0.006781,0.005229,-0.008973,-0.010726,160.05,0.005466,0.0081
1984-05-31,-0.053131,-0.059544,-0.05879,-0.063507,150.55,-0.059356,0.0078
1984-06-29,0.022937,0.018709,0.031563,0.027846,153.18,0.017469,0.0075
1984-07-31,-0.013765,-0.015641,-0.029442,-0.03139,150.66,-0.016451,0.0082
1984-08-31,0.112438,0.105753,0.128257,0.123064,166.68,0.106332,0.0083
1984-09-28,-6.40E-05,-0.003292,0.00349,5.50E-04,166.1,-0.00348,0.0086
1984-10-31,0.003331,2.16E-04,6.10E-04,-0.001619,166.09,-6.00E-05,0.01
1984-11-30,-0.009841,-0.01495,-0.003016,-0.007266,163.58,-0.015112,0.0073
1984-12-31,0.025556,0.021843,0.024721,0.021253,167.24,0.022374,0.0064
1985-01-31,0.076868,0.074737,0.09472,0.09279,179.63,0.074085,0.0065
1985-02-28,0.014166,0.008886,0.00979,0.005877,181.19,0.008685,0.0058
1985-03-29,-6.36E-04,-0.00398,-0.003593,-0.006656,180.66,-0.002925,0.0062
1985-04-30,-0.003704,-0.005413,-0.011623,-0.013323,179.83,-0.004594,0.0072
1985-05-31,0.06274,0.056847,0.066695,0.062522,189.55,0.054051,0.0066
1985-06-28,0.016065,0.012925,0.014504,0.011597,191.85,0.012134,0.0055
1985-07-31,-0.003321,-0.005235,0.009243,0.007457,190.92,-0.004848,0.0062
1985-08-30,-0.006473,-0.011871,-0.008381,-0.012437,188.63,-0.011995,0.0055
1985-09-30,-0.033248,-0.036197,-0.044999,-0.04755,182.08,-0.034724,0.006
1985-10-31,0.045079,0.042653,0.042571,0.040654,189.82,0.042509,0.0065
1985-11-29,0.071887,0.06663,0.074397,0.070386,202.17,0.065062,0.0061
1985-12-31,0.048156,0.045156,0.043535,0.040813,211.28,0.045061,0.0065
1986-01-31,0.004706,0.002962,0.016882,0.015342,211.78,0.002367,0.0056
1986-02-28,0.076525,0.071556,0.080966,0.077509,226.92,0.071489,0.0053
1986-03-31,0.055832,0.05332,0.060394,0.058049,238.9,0.052794,0.006
1986-04-30,-0.013348,-0.015054,-0.019923,-0.02138,235.52,-0.014148,0.0052
1986-05-30,0.055326,0.050804,0.057889,0.054504,247.35,0.050229,0.0049
1986-06-30,0.015744,0.01331,0.001974,-1.49E-04,250.84,0.01411,0.0052
1986-07-31,-0.057541,-0.059378,-0.07533,-0.076818,236.12,-0.058683,0.0052
1986-08-29,0.074417,0.070076,0.077913,0.074544,252.93,0.071193,0.0046
1986-09-30,-0.083243,-0.085664,-0.07124,-0.073145,231.32,-0.085439,0.0045
1986-10-31,0.056538,0.053813,0.063058,0.059845,243.98,0.054729,0.0046
1986-11-28,0.024876,0.019717,0.022384,0.018212,249.22,0.021477,0.0039
1986-12-31,-0.027513,-0.030174,-0.032351,-0.034728,242.17,-0.028288,0.0049
1987-01-30,0.135183,0.133724,0.141074,0.139769,274.08,0.131767,0.0042
1987-02-27,0.041778,0.037845,0.059275,0.056598,284.2,0.036924,0.0043
1987-03-31,0.026336,0.023832,0.01991,0.017727,291.7,0.02639,0.0047
1987-04-30,-0.009045,-0.011093,-0.012616,-0.015321,288.36,-0.01145,0.0044
1987-05-29,0.009128,0.005199,0.012787,0.010011,290.1,0.006034,0.0038
1987-06-30,0.05014,0.047654,0.044007,0.041715,304,0.047915,0.0048
1987-07-31,0.049843,0.047883,0.065255,0.062815,318.66,0.048224,0.0046
1987-08-31,0.039108,0.035441,0.029417,0.026639,329.8,0.034959,0.0047
1987-09-30,-0.02194,-0.024079,-0.016378,-0.018613,321.83,-0.024166,0.0045
1987-10-30,-0.215795,-0.217944,-0.25607,-0.257781,251.79,-0.21763,0.006
1987-11-30,-0.081874,-0.086541,-0.062283,-0.065983,230.3,-0.085349,0.0035
1987-12-31,0.073922,0.071025,0.094687,0.091944,247.08,0.072861,0.0039
1988-01-29,0.042712,0.041086,0.050075,0.048666,257.07,0.040432,0.0029
1988-02-29,0.047445,0.040574,0.075351,0.070554,267.82,0.041817,0.0046
1988-03-31,-0.030847,-0.033368,-0.00763,-0.009889,258.89,-0.033343,0.0044
1988-04-29,0.010516,0.008773,0.003409,0.002105,261.33,0.009425,0.0046
1988-05-31,0.008012,0.002882,0.004565,7.00E-04,262.16,0.003176,0.0051
1988-06-30,0.047676,0.045068,0.060296,0.058011,273.5,0.043256,0.0049
1988-07-29,-0.004458,-0.007393,-0.010679,-0.014683,272.02,-0.005411,0.0051
1988-08-31,-0.032488,-0.03729,-0.033321,-0.037054,261.52,-0.0386,0.0059
1988-09-30,0.042739,0.040086,0.041666,0.039429,271.91,0.039729,0.0062
1988-10-31,0.026891,0.023328,0.013806,0.010892,278.97,0.025964,0.0061
1988-11-30,-0.014355,-0.01977,-0.022981,-0.027705,273.7,-0.018891,0.0057
1988-12-30,0.018553,0.015184,0.027689,0.024537,277.72,0.014688,0.0063
1989-01-31,0.072303,0.069633,0.071117,0.068598,297.47,0.071115,0.0055
1989-02-28,-0.025031,-0.029187,-0.011182,-0.014701,288.86,-0.028944,0.0061
1989-03-31,0.023038,0.02044,0.020053,0.017175,294.87,0.020806,0.0067
1989-04-28,0.051707,0.049899,0.049637,0.048389,309.64,0.05009,0.0067
1989-05-31,0.041022,0.035451,0.047241,0.042324,320.52,0.035138,0.0079
1989-06-30,-0.005611,-0.00794,-0.00675,-0.008871,317.98,-0.007925,0.0071
1989-07-31,0.090053,0.088194,0.082832,0.081447,346.08,0.08837,0.007
1989-08-31,0.019853,0.015516,0.029177,0.025708,351.45,0.015517,0.0074
1989-09-29,-0.004004,-0.006616,-0.015646,-0.019462,349.15,-0.006544,0.0065
1989-10-31,-0.023639,-0.025668,-0.046675,-0.048199,340.36,-0.025175,0.0068
1989-11-30,0.020479,0.016641,0.012291,0.00892,345.99,0.016541,0.0069
1989-12-29,0.022657,0.019988,0.015265,0.012744,353.4,0.021417,0.0061
1990-01-31,-0.067661,-0.069407,-0.073185,-0.074576,329.08,-0.068817,0.0057
1990-02-28,0.013381,0.008986,0.014022,0.01031,331.89,0.008539,0.0057
1990-03-30,0.026588,0.02436,0.031748,0.029479,339.94,0.024255,0.0064
1990-04-30,-0.024504,-0.026508,-0.040596,-0.042154,330.8,-0.026887,0.0069
1990-05-31,0.097419,0.092408,0.096223,0.092115,361.23,0.091989,0.0068
1990-06-29,-0.006754,-0.008921,-0.014536,-0.016793,358.02,-0.008886,0.0063
1990-07-31,-0.004454,-0.006508,-0.024605,-0.02619,356.15,-0.005223,0.0068
1990-08-31,-0.090801,-0.094897,-0.112374,-0.116285,322.56,-0.094314,0.0066
1990-09-28,-0.048959,-0.051213,-0.073624,-0.075721,306.05,-0.051184,0.006
1990-10-31,-0.003597,-0.00611,-0.036372,-0.038472,304,-0.006698,0.0068
1990-11-30,0.064561,0.059897,0.092115,0.087744,322.22,0.059934,0.0057
1990-12-31,0.027987,0.024954,0.041912,0.038775,330.22,0.024828,0.006
1991-01-31,0.045001,0.043063,0.082065,0.080434,343.93,0.041518,0.0052
1991-02-28,0.071565,0.067371,0.085194,0.08148,367.07,0.067281,0.0048
1991-03-28,0.024354,0.022312,0.030853,0.028634,375.22,0.022203,0.0044
1991-04-30,0.002268,2.14E-04,0.005046,0.003352,375.35,3.46E-04,0.0053
1991-05-31,0.04293,0.038759,0.054462,0.050928,389.83,0.038577,0.0047
1991-06-28,-0.045357,-0.047498,-0.049743,-0.051792,371.16,-0.047893,0.0042
1991-07-31,0.046526,0.044799,0.041944,0.040443,387.81,0.044859,0.0049
1991-08-30,0.023885,0.019912,0.022633,0.018944,395.43,0.019649,0.0046
1991-09-30,-0.016861,-0.019061,-0.019202,-0.021058,387.86,-0.019144,0.0046
1991-10-31,0.013458,0.011899,0.01079,0.009445,392.46,0.01186,0.0042
1991-11-29,-0.040214,-0.043973,-0.050809,-0.05416,375.22,-0.043928,0.0039
1991-12-31,0.114089,0.111476,0.113619,0.111208,417.09,0.111588,0.0038
1992-01-31,-0.018348,-0.019654,0.017853,0.016647,408.79,-0.0199,0.0034
1992-02-28,0.012865,0.009442,0.030385,0.027321,412.7,0.009565,0.0028
1992-03-31,-0.01947,-0.021873,-0.020264,-0.022422,403.69,-0.021832,0.0034
1992-04-30,0.028614,0.027157,0.016597,0.015297,414.95,0.027893,0.0032
1992-05-29,0.00485,0.001087,0.00193,-0.001292,415.35,9.64E-04,0.0028
1992-06-30,-0.01503,-0.017545,-0.020451,-0.022667,408.14,-0.017359,0.0032
1992-07-31,0.040924,0.039465,0.04079,0.039542,424.21,0.039374,0.0031
1992-08-31,-0.020615,-0.024214,-0.027431,-0.030637,414.03,-0.023998,0.0026
1992-09-30,0.01134,0.008916,0.018991,0.016985,417.8,0.009106,0.0026
1992-10-30,0.004796,0.003455,0.020398,0.019325,418.68,0.002106,0.0023
1992-11-30,0.033794,0.030069,0.044229,0.040785,431.35,0.030262,0.0023
1992-12-31,0.01338,0.011197,0.022532,0.02062,435.71,0.010108,0.0028
1993-01-29,0.007282,0.005964,0.022706,0.021733,438.78,0.007046,0.0023
1993-02-26,0.013526,0.010361,0.010886,0.008018,443.38,0.010484,0.0022
1993-03-31,0.021202,0.018578,0.02745,0.02506,451.67,0.018697,0.0025
1993-04-30,-0.024519,-0.02578,-0.021945,-0.022986,440.19,-0.025417,0.0024
1993-05-28,0.026259,0.022549,0.03163,0.02838,450.19,0.022717,0.0022
1993-06-30,0.003466,0.001095,0.003477,0.001367,450.53,7.55E-04,0.0025
1993-07-30,-0.004593,-0.005909,-7.21E-04,-0.001789,448.13,-0.005327,0.0024
1993-08-31,0.037431,0.033957,0.040022,0.036714,463.56,0.034432,0.0025
1993-09-30,-0.007582,-0.009842,-0.006236,-0.008034,458.93,-0.009988,0.0026
1993-10-29,0.019884,0.01859,0.019667,0.018666,467.83,0.019393,0.0022
1993-11-30,-0.008655,-0.012084,-0.00857,-0.011803,461.79,-0.012911,0.0025
1993-12-31,0.012646,0.010617,0.023359,0.02162,466.45,0.010091,0.0023
1994-01-31,0.033429,0.031954,0.037019,0.035801,481.61,0.032501,0.0025
1994-02-28,-0.027161,-0.030121,-0.017379,-0.020103,467.14,-0.030045,0.0021
1994-03-31,-0.043456,-0.045728,-0.043719,-0.045656,445.77,-0.045746,0.0027
1994-04-29,0.012817,0.011477,0.004462,0.00341,450.91,0.011531,0.0027
1994-05-31,0.016309,0.012559,0.012087,0.008621,456.51,0.012419,0.0031
1994-06-30,-0.024762,-0.027113,-0.021933,-0.023789,444.27,-0.026812,0.0031
1994-07-29,0.032714,0.031381,0.03375,0.032604,458.25,0.031467,0.0028
1994-08-31,0.041341,0.03799,0.052232,0.048938,475.5,0.037643,0.0037
1994-09-30,-0.02394,-0.026238,-0.026,-0.027803,462.71,-0.026898,0.0037
1994-10-31,0.022619,0.021043,0.011997,0.010581,472.35,0.020834,0.0038
1994-11-30,-0.036248,-0.039423,-0.043415,-0.046398,453.69,-0.039505,0.0037
1994-12-30,0.014955,0.012419,0.016548,0.014254,459.27,0.012299,0.0044
1995-01-31,0.026,0.024348,0.021154,0.019698,470.42,0.024278,0.0042
1995-02-28,0.039228,0.036328,0.044549,0.041677,487.39,0.036074,0.004
1995-03-31,0.029334,0.027179,0.029457,0.02759,500.71,0.027329,0.0046
1995-04-28,0.029395,0.027914,0.0238,0.022491,514.71,0.02796,0.0044
1995-05-31,0.039809,0.036454,0.035709,0.03254,533.4,0.036312,0.0054
1995-06-30,0.024155,0.022198,0.025803,0.02414,544.75,0.021279,0.0047
1995-07-31,0.033405,0.032023,0.033271,0.032047,562.06,0.031776,0.0045
1995-08-31,0.003495,6.42E-04,0.007707,0.004788,561.88,-3.20E-04,0.0047
1995-09-29,0.042102,0.040182,0.024752,0.023133,584.41,0.040098,0.0043
1995-10-31,-0.003442,-0.004864,-0.024119,-0.025353,581.5,-0.004979,0.0047
1995-11-30,0.044179,0.041338,0.050988,0.04808,605.37,0.041049,0.0042
1995-12-29,0.017643,0.015809,0.014641,0.012755,615.93,0.017444,0.0049
1996-01-31,0.034861,0.033415,0.030677,0.029272,636.02,0.032617,0.0043
1996-02-29,0.010088,0.007689,0.012873,0.010448,640.43,0.006934,0.0039
1996-03-29,0.009585,0.00786,0.019612,0.017959,645.5,0.007917,0.0039
1996-04-30,0.015133,0.013857,0.02841,0.027322,654.17,0.013431,0.0046
1996-05-31,0.025257,0.02253,0.013102,0.010467,669.12,0.022853,0.0042
1996-06-28,0.004128,0.002562,-0.009331,-0.010898,670.63,0.002257,0.004
1996-07-31,-0.044441,-0.046048,-0.055908,-0.057147,639.95,-0.045748,0.0045
1996-08-30,0.021928,0.019589,0.032975,0.030535,651.99,0.018814,0.0041
1996-09-30,0.056035,0.054112,0.049854,0.048156,687.31,0.054173,0.0044
1996-10-31,0.026798,0.025348,0.013655,0.012347,705.27,0.026131,0.0042
1996-11-29,0.076455,0.074218,0.070028,0.067803,757.02,0.073376,0.0041
1996-12-31,-0.019815,-0.021518,-0.016817,-0.018512,740.74,-0.021505,0.0046
1997-01-31,0.062779,0.061689,0.03914,0.038108,786.16,0.061317,0.0045
1997-02-28,0.007752,0.0058,0.013457,0.011391,790.82,0.005928,0.0039
1997-03-31,-0.041653,-0.04331,-0.03512,-0.036683,757.12,-0.042614,0.0043
1997-04-30,0.060274,0.059016,0.032138,0.03087,801.34,0.058406,0.0043
1997-05-30,0.061401,0.059272,0.073897,0.071723,848.28,0.058577,0.0049
1997-06-30,0.044103,0.042762,0.03882,0.037303,885.14,0.043453,0.0037
1997-07-31,0.080388,0.078977,0.079766,0.078636,954.29,0.078123,0.0043
1997-08-29,-0.05497,-0.056458,-0.028003,-0.029745,899.47,-0.057446,0.0041
1997-09-30,0.053886,0.052408,0.051665,0.050189,947.28,0.053154,0.0044
1997-10-31,-0.032605,-0.03373,-0.043194,-0.044241,914.62,-0.034478,0.0042
1997-11-28,0.046321,0.044625,0.031342,0.029479,955.4,0.044587,0.0039
1997-12-31,0.017147,0.0157,0.015319,0.013788,970.43,0.015732,0.0048
1998-01-30,0.011994,0.01108,-0.002326,-0.003152,980.28,0.01015,0.0043
1998-02-27,0.071956,0.070303,0.078865,0.077036,1049.34,0.070449,0.0039
1998-03-31,0.051336,0.050104,0.050179,0.048835,1101.75,0.049946,0.0039
1998-04-30,0.011275,0.010232,0.004209,0.003227,1111.75,0.009076,0.0043
1998-05-29,-0.017674,-0.019206,-0.024932,-0.026546,1090.82,-0.018826,0.004
1998-06-30,0.04097,0.0398,0.010836,0.009456,1133.84,0.039438,0.0041
1998-07-31,-0.010109,-0.011112,-0.044451,-0.045311,1120.67,-0.011615,0.004
1998-08-31,-0.143124,-0.144504,-0.148456,-0.15028,957.28,-0.145797,0.0043
1998-09-30,0.063176,0.061612,0.060341,0.058597,1017.01,0.062396,0.0046
1998-10-30,0.080111,0.079144,0.08884,0.08786,1098.67,0.080294,0.0032
1998-11-30,0.062164,0.060685,0.05071,0.048847,1163.63,0.059126,0.0031
1998-12-31,0.059673,0.058454,0.029082,0.027529,1229.23,0.056375,0.0038
1999-01-29,0.0428,0.042,0.010847,0.010044,1279.64,0.041009,0.0035
1999-02-26,-0.031935,-0.033156,-0.019371,-0.021184,1238.33,-0.032283,0.0035
1999-03-31,0.038979,0.037774,0.021855,0.020209,1286.37,0.038794,0.0043
1999-04-30,0.037559,0.036771,0.096934,0.09596,1335.18,0.037944,0.0037
1999-05-28,-0.023159,-0.024833,-0.001112,-0.003032,1301.84,-0.02497,0.0034
1999-06-30,0.054431,0.053398,0.041249,0.039867,1372.71,0.054438,0.004
1999-07-30,-0.03022,-0.031084,-0.034555,-0.035454,1328.72,-0.032046,0.0038
1999-08-31,-0.004989,-0.006251,-0.022216,-0.023947,1320.41,-0.006254,0.0039
1999-09-30,-0.028079,-0.029257,-0.039403,-0.040891,1282.71,-0.028552,0.0039
1999-10-29,0.064238,0.063512,0.03097,0.029995,1362.93,0.062539,0.0039
1999-11-30,0.020822,0.019547,-0.001732,-0.003641,1388.91,0.019062,0.0036
1999-12-31,0.062579,0.061549,0.044205,0.042538,1469.25,0.057844,0.0044
2000-01-31,-0.04963,-0.050296,-0.057249,-0.058164,1394.46,-0.050904,0.0041
2000-02-29,-0.017458,-0.018666,-0.045099,-0.047119,1366.42,-0.020108,0.0043
2000-03-31,0.098488,0.097431,0.109941,0.107996,1498.58,0.09672,0.0047
2000-04-28,-0.031585,-0.032308,0.008073,0.007029,1452.43,-0.030796,0.0046
2000-05-31,-0.022304,-0.023617,0.016657,0.014376,1420.6,-0.021915,0.005
2000-06-30,0.026219,0.025497,-0.019605,-0.021009,1454.6,0.023934,0.004
2000-07-31,-0.012795,-0.013559,0.003866,0.002818,1430.83,-0.016341,0.0048
2000-08-31,0.062594,0.061275,0.074144,0.071748,1517.68,0.060699,0.005
2000-09-29,-0.052088,-0.052795,-0.013813,-0.015103,1436.51,-0.053483,0.0051
2000-10-31,-0.00412,-0.004829,0.021097,0.020159,1429.4,-0.004949,0.0056
2000-11-30,-0.078268,-0.079557,-0.045453,-0.047623,1314.95,-0.080069,0.0051
2000-12-29,0.00572,0.004861,0.066751,0.065496,1320.28,0.004053,0.005
2001-01-31,0.032375,0.031555,0.053414,0.052623,1366.01,0.034637,0.0054
2001-02-28,-0.090952,-0.092131,-0.044749,-0.046467,1239.94,-0.092291,0.0038
2001-03-30,-0.063706,-0.064587,-0.049836,-0.051024,1160.33,-0.064205,0.0042
2001-04-30,0.077825,0.076981,0.084729,0.084,1249.46,0.076814,0.0039
2001-05-31,0.00687,0.00533,0.017687,0.015861,1255.82,0.00509,0.0032
2001-06-29,-0.024506,-0.025183,-0.015805,-0.016825,1224.42,-0.025004,0.0028
2001-07-31,-0.009317,-0.010248,-0.00918,-0.009915,1211.23,-0.010772,0.003
2001-08-31,-0.063435,-0.064933,-0.043659,-0.045377,1133.58,-0.064108,0.0031
2001-09-28,-0.080361,-0.081352,-0.124472,-0.125526,1040.94,-0.081723,0.0028
2001-10-31,0.01954,0.018546,0.042117,0.041315,1059.78,0.018099,0.0022
2001-11-30,0.078787,0.077259,0.102273,0.100571,1139.45,0.075176,0.0017
2001-12-31,0.009051,0.007849,0.030572,0.029262,1148.08,0.007574,0.0015
2002-01-31,-0.014324,-0.01532,-0.002527,-0.003289,1130.2,-0.015574,0.0014
2002-02-28,-0.019481,-0.020973,-0.011293,-0.012721,1106.73,-0.020766,0.0013
2002-03-28,0.037572,0.03669,0.067365,0.066228,1147.39,0.036739,0.0013
2002-04-30,-0.061001,-0.061826,-0.036342,-0.036988,1076.92,-0.061418,0.0015
2002-05-31,-0.0078,-0.009438,-0.012256,-0.013828,1067.14,-0.009081,0.0014
2002-06-28,-0.071349,-0.072611,-0.080675,-0.081861,989.81,-0.072465,0.0013
2002-07-31,-0.073987,-0.075074,-0.105229,-0.106106,911.62,-0.078995,0.0015
2002-08-30,0.007061,0.005401,0.012241,0.010652,916.07,0.004881,0.0014
2002-09-30,-0.108965,-0.110421,-0.115309,-0.116645,815.29,-0.110013,0.0014
2002-10-31,0.088599,0.087103,0.073063,0.071851,885.76,0.086436,0.0014
2002-11-29,0.059019,0.057288,0.110251,0.108353,936.31,0.05707,0.0012
2002-12-31,-0.058834,-0.060464,-0.051344,-0.052995,879.82,-0.060333,0.0011
2003-01-31,-0.026579,-0.02786,-0.025525,-0.026377,855.7,-0.027415,0.001
2003-02-28,-0.015246,-0.017225,-0.022303,-0.024039,841.15,-0.017004,9.00E-04
2003-03-31,0.010308,0.008967,0.005085,0.003585,848.18,0.008358,0.001
2003-04-30,0.082774,0.081462,0.103509,0.102385,916.92,0.081044,0.001
2003-05-30,0.053251,0.051508,0.096073,0.094441,963.59,0.050899,9.00E-04
2003-06-30,0.012816,0.011351,0.007649,0.006213,974.5,0.011322,0.001
2003-07-31,0.017932,0.016505,0.02837,0.027302,990.31,0.016224,7.00E-04
2003-08-29,0.019597,0.018014,0.044604,0.043044,1008.01,0.017873,7.00E-04
2003-09-30,-0.010737,-0.012107,-0.016561,-0.017897,995.97,-0.011944,8.00E-04
2003-10-31,0.05556,0.05397,0.070988,0.069986,1050.71,0.054962,7.00E-04
2003-11-28,0.009259,0.007606,0.021267,0.01961,1058.2,0.007129,7.00E-04
2003-12-31,0.05178,0.050107,0.053166,0.051498,1111.92,0.050765,8.00E-04
2004-01-30,0.019078,0.017991,0.024211,0.023439,1131.13,0.017276,7.00E-04
2004-02-27,0.014403,0.012716,0.020902,0.019433,1144.94,0.012209,6.00E-04
2004-03-31,-0.014982,-0.016267,-0.00581,-0.007174,1126.21,-0.016359,9.00E-04
2004-04-30,-0.015584,-0.016719,-0.024546,-0.025387,1107.3,-0.016791,8.00E-04
2004-05-28,0.013629,0.012024,0.019374,0.017895,1120.68,0.012083,6.00E-04
2004-06-30,0.019488,0.018019,0.03032,0.028934,1140.84,0.017989,8.00E-04
2004-07-30,-0.032954,-0.034111,-0.043144,-0.044004,1101.72,-0.034291,0.001
2004-08-31,0.003807,0.002019,-0.002948,-0.004771,1104.24,0.002287,0.0011
2004-09-30,0.010817,0.009347,0.02757,0.026265,1114.58,0.009364,0.0011
2004-10-29,0.014973,0.013699,0.024507,0.023589,1130.2,0.014014,0.0011
2004-11-30,0.040559,0.035572,0.058717,0.05686,1173.82,0.038595,0.0015
2004-12-31,0.033734,0.032086,0.037578,0.035933,1211.92,0.032458,0.0016
2005-01-31,-0.023824,-0.024749,-0.029473,-0.030169,1181.27,-0.02529,0.0016
2005-02-28,0.021152,0.019015,0.020327,0.018756,1203.6,0.018903,0.0016
2005-03-31,-0.01724,-0.018729,-0.012797,-0.014308,1180.59,-0.019118,0.0021
2005-04-29,-0.018926,-0.020076,-0.030961,-0.031763,1156.85,-0.020109,0.0021
2005-05-31,0.031994,0.030156,0.048563,0.047029,1191.5,0.029952,0.0024
2005-06-30,0.001717,1.39E-04,0.014499,0.013112,1191.33,-1.43E-04,0.0023
2005-07-29,0.037364,0.036163,0.051383,0.050538,1234.18,0.035968,0.0024
2005-08-31,-0.009159,-0.011265,-0.009789,-0.011389,1220.33,-0.011222,0.003
2005-09-30,0.008067,0.006916,0.008281,0.007062,1228.81,0.006949,0.0029
2005-10-31,-0.015672,-0.016697,-0.023467,-0.024333,1207.01,-0.017741,0.0027
2005-11-30,0.038289,0.035675,0.043744,0.041691,1249.48,0.035186,0.0031
2005-12-30,-6.00E-05,-0.001396,0.008022,0.00657,1248.29,-9.52E-04,0.0032
2006-01-31,0.026442,0.025424,0.041378,0.040514,1280.08,0.025467,0.0035
2006-02-28,0.002425,1.67E-04,0.002951,0.001373,1280.66,4.53E-04,0.0034
2006-03-31,0.012909,0.011511,0.017915,0.016503,1294.83,0.011065,0.0037
2006-04-28,0.012064,0.01085,0.010538,0.009691,1310.61,0.012187,0.0036
2006-05-31,-0.028319,-0.030519,-0.028304,-0.029964,1270.09,-0.030917,0.0043
2006-06-30,0.001587,3.48E-04,-0.00196,-0.00327,1270.2,8.70E-05,0.004
2006-07-31,0.005571,0.00451,-0.014294,-0.015115,1276.66,0.005086,0.004
2006-08-31,0.02415,0.021679,0.03042,0.028695,1303.82,0.021274,0.0042
2006-09-29,0.026487,0.025296,0.026354,0.025107,1335.85,0.024566,0.0041
2006-10-31,0.032527,0.03142,0.036768,0.035605,1377.94,0.031508,0.0041
2006-11-30,0.018385,0.015887,0.025339,0.023503,1400.63,0.016467,0.0042
2006-12-29,0.013768,0.012294,0.008267,0.006709,1418.3,0.012616,0.004
2007-01-31,0.015313,0.014345,0.023825,0.023078,1438.24,0.014059,0.0044
2007-02-28,-0.019288,-0.021598,-0.003043,-0.004504,1406.82,-0.021846,0.0038
2007-03-30,0.010894,0.009679,0.007339,0.005983,1420.86,0.00998,0.0043
2007-04-30,0.043991,0.042857,0.043294,0.041862,1482.37,0.043291,0.0044
2007-05-31,0.034459,0.032154,0.03255,0.030965,1530.62,0.032549,0.0041
2007-06-29,-0.01662,-0.017829,-0.018468,-0.019701,1503.35,-0.017816,0.004
2007-07-31,-0.031197,-0.032283,-0.045079,-0.045903,1455.27,-0.031982,0.004
2007-08-31,0.015094,0.012859,8.95E-04,-9.85E-04,1473.99,0.012864,0.0042
2007-09-28,0.037468,0.035923,0.024308,0.022877,1526.75,0.035794,0.0032
2007-10-31,0.01736,0.016292,0.013447,0.012615,1549.38,0.014822,0.0032
2007-11-30,-0.041382,-0.043581,-0.049793,-0.051698,1481.14,-0.044043,0.0034
2007-12-31,-0.006116,-0.007903,-0.016719,-0.018747,1468.36,-0.008628,0.0027
2008-01-31,-0.061166,-0.062332,-0.045038,-0.045904,1378.55,-0.061163,0.0021
2008-02-29,-0.031419,-0.033693,-0.029501,-0.031274,1330.63,-0.034761,0.0013
2008-03-31,-0.0034,-0.005054,-0.012729,-0.014528,1322.7,-0.00596,0.0017
2008-04-30,0.048629,0.04749,0.052409,0.051516,1385.59,0.047547,0.0018
2008-05-30,0.012986,0.010708,0.025677,0.023675,1400.38,0.010674,0.0018
2008-06-30,-0.082842,-0.084569,-0.098363,-0.100078,1280,-0.085962,0.0017
2008-07-31,-0.007306,-0.008738,-0.003641,-0.004894,1267.38,-0.009859,0.0015
2008-08-29,0.014955,0.012682,0.028359,0.026312,1282.83,0.012191,0.0013
2008-09-30,-0.085467,-0.087287,-0.103388,-0.105272,1166.36,-0.090791,0.0015
2008-10-31,-0.16698,-0.168455,-0.207562,-0.208677,968.75,-0.169425,8.00E-04
2008-11-28,-0.073512,-0.076514,-0.103635,-0.106579,896.24,-0.074849,3.00E-04
2008-12-31,0.011995,0.009229,0.044007,0.040642,903.25,0.007822,0
2009-01-30,-0.082615,-0.084039,-0.078402,-0.07927,825.88,-0.085657,0
2009-02-27,-0.103588,-0.107402,-0.116939,-0.119918,735.09,-0.109931,1.00E-04
2009-03-31,0.087634,0.084154,0.109438,0.105672,797.87,0.085405,2.00E-04
2009-04-30,0.09423,0.09255,0.184857,0.183568,872.81,0.093925,1.00E-04
2009-05-29,0.05464,0.051848,0.062487,0.060109,919.14,0.053081,0
2009-06-30,0.002476,6.80E-04,-0.004651,-0.006631,919.32,1.96E-04,1.00E-04
2009-07-31,0.074482,0.073101,0.093928,0.093046,987.48,0.074142,1.00E-04
2009-08-31,0.034751,0.032255,0.057829,0.055677,1020.62,0.03356,1.00E-04
2009-09-30,0.036534,0.034978,0.052527,0.050787,1057.08,0.035723,1.00E-04
2009-10-30,-0.018259,-0.019458,-0.034448,-0.035198,1036.19,-0.019762,0
2009-11-30,0.060257,0.057607,0.054502,0.051918,1095.63,0.057364,0
2009-12-31,0.018983,0.017346,0.048224,0.046469,1115.1,0.017771,1.00E-04
2010-01-29,-0.035751,-0.036781,-0.030955,-0.031612,1073.87,-0.036974,0
2010-02-26,0.030424,0.028014,0.043365,0.041277,1104.49,0.028514,0
2010-03-31,0.061014,0.05943,0.071014,0.069189,1169.43,0.058796,1.00E-04
2010-04-30,0.015977,0.014957,0.028049,0.027344,1186.69,0.014759,1.00E-04
2010-05-28,-0.080111,-0.082337,-0.073486,-0.075298,1089.41,-0.081976,1.00E-04
2010-06-30,-0.053525,-0.055115,-0.061839,-0.06351,1030.71,-0.053882,1.00E-04
2010-07-30,0.070451,0.06862,0.073614,0.071307,1101.6,0.068778,1.00E-04
2010-08-31,-0.045434,-0.04784,-0.048287,-0.05024,1049.33,-0.047449,1.00E-04
2010-09-30,0.090383,0.088751,0.104307,0.102651,1141.2,0.087551,1.00E-04
2010-10-29,0.038726,0.037081,0.035946,0.034516,1183.26,0.036856,1.00E-04
2010-11-30,-5.10E-05,-0.002571,0.008205,0.005952,1180.55,-0.00229,1.00E-04
2010-12-31,0.067054,0.065249,0.072134,0.069927,1257.64,0.0653,1.00E-04
2011-01-31,0.023349,0.022319,0.021935,0.021193,1286.12,0.022646,1.00E-04
2011-02-28,0.032508,0.030251,0.041109,0.039253,1327.22,0.031957,1.00E-04
2011-03-31,6.25E-04,-8.67E-04,0.009007,0.00743,1325.83,-0.001047,1.00E-04
2011-04-29,0.029441,0.028358,0.031626,0.030817,1363.61,0.028495,0
2011-05-31,-0.011313,-0.013572,-0.005579,-0.007504,1345.2,-0.013501,0
2011-06-30,-0.016545,-0.018106,-0.019098,-0.020726,1320.64,-0.018258,0
2011-07-29,-0.019828,-0.020982,-0.035333,-0.036115,1292.28,-0.021474,0
2011-08-31,-0.054323,-0.056735,-0.063472,-0.065472,1218.89,-0.056791,1.00E-04
2011-09-30,-0.070238,-0.071739,-0.090694,-0.092357,1131.42,-0.071762,0
2011-10-31,0.109014,0.107554,0.13445,0.133462,1253.3,0.107723,0
2011-11-30,-0.002727,-0.005552,-0.006582,-0.00909,1246.96,-0.005059,0
2011-12-30,0.009427,0.007613,0.001153,-8.69E-04,1257.6,0.008533,0
2012-01-31,0.045205,0.044003,0.056398,0.055587,1312.41,0.043583,0
2012-02-29,0.043341,0.040744,0.041965,0.039871,1365.68,0.040589,0
2012-03-30,0.032866,0.031282,0.023131,0.02127,1408.47,0.031332,0
2012-04-30,-0.006034,-0.007237,-0.007804,-0.008686,1397.91,-0.007497,0
2012-05-31,-0.05979,-0.062433,-0.070752,-0.072967,1310.33,-0.062651,1.00E-04
2012-06-29,0.041465,0.039888,0.038297,0.036476,1362.16,0.039555,0
2012-07-31,0.014363,0.013096,0.002866,0.001957,1379.32,0.012598,0
2012-08-31,0.022744,0.019938,0.03079,0.028391,1406.58,0.019763,1.00E-04
2012-09-28,0.02512,0.023547,0.024009,0.022222,1440.67,0.024236,1.00E-04
2012-10-31,-0.017837,-0.019227,-0.007577,-0.008821,1412.16,-0.019789,1.00E-04
2012-11-30,0.005326,0.002154,0.01364,0.010684,1416.18,0.002847,1.00E-04
2012-12-31,0.008508,0.005902,0.024486,0.021415,1426.19,0.007068,1.00E-04
2013-01-31,0.052361,0.051024,0.065471,0.06466,1498.11,0.050428,0
2013-02-28,0.013013,0.010511,0.011986,0.010007,1514.68,0.011061,0
2013-03-28,0.037584,0.036025,0.042925,0.040986,1569.19,0.035988,0
2013-04-30,0.019621,0.018482,0.015737,0.01496,1597.57,0.018086,0
2013-05-31,0.02312,0.020441,0.028394,0.026278,1630.74,0.020763,0
2013-06-28,-0.013601,-0.015262,-0.010495,-0.012486,1606.28,-0.014999,0
2013-07-31,0.050672,0.049287,0.055144,0.054234,1685.73,0.049462,0
2013-08-30,-0.029207,-0.031638,-0.027829,-0.029855,1632.97,-0.031298,0
2013-09-30,0.03166,0.030064,0.040402,0.038552,1681.55,0.029749,0
2013-10-31,0.046268,0.044953,0.042828,0.041839,1756.54,0.044596,0
2013-11-29,0.030817,0.028398,0.023739,0.021743,1805.81,0.028049,0
2013-12-31,0.02595,0.024196,0.029739,0.02771,1848.36,0.023563,0
2014-01-31,-0.034666,-0.035731,-0.029735,-0.03057,1782.59,-0.035583,0
2014-02-28,0.045757,0.043194,0.053918,0.051783,1859.45,0.043117,0
2014-03-31,0.008056,0.006537,0.007246,0.005368,1872.34,0.006932,0
2014-04-30,0.006555,0.005388,0.003358,0.002494,1883.95,0.006201,0
2014-05-30,0.023309,0.020895,0.023075,0.021072,1923.57,0.02103,0
2014-06-30,0.020635,0.019048,0.028313,0.026465,1960.23,0.019058,0
2014-07-31,-0.013974,-0.015278,-0.022524,-0.023461,1930.67,-0.01508,0
2014-08-29,0.039777,0.037446,0.04278,0.040768,2003.37,0.037655,0
2014-09-30,-0.013928,-0.015467,-0.025297,-0.027212,1972.29,-0.015514,0
2014-10-31,0.023972,0.0228,0.029874,0.028922,2018.05,0.023201,0
2014-11-28,0.027631,0.025159,0.024246,0.021776,2067.56,0.024534,0
2014-12-31,-0.002473,-0.004249,0.003469,0.001453,2058.9,-0.004189,0
2015-01-30,-0.02943,-0.030468,-0.028079,-0.028807,1994.99,-0.031041,0
2015-02-27,0.057008,0.054305,0.058624,0.056319,2104.5,0.054893,0
2015-03-31,-0.014993,-0.016628,-0.008459,-0.01039,2067.89,-0.017396,0
2015-04-30,0.009101,0.008004,0.003948,0.003039,2085.51,0.008521,0
2015-05-29,0.012522,0.010141,0.008756,0.006719,2107.39,0.010491,0
2015-06-30,-0.019343,-0.02102,-0.021924,-0.023766,2063.11,-0.021012,0
2015-07-31,0.021297,0.020101,0.009476,0.008606,2103.84,0.019742,0
2015-08-31,-0.060086,-0.062433,-0.053687,-0.05565,1972.18,-0.062581,0
2015-09-30,-0.024547,-0.026258,-0.033593,-0.035655,1920.03,-0.026443,0
2015-10-30,0.083449,0.082049,0.073634,0.072417,2079.36,0.082983,0
2015-11-30,0.003373,8.17E-04,0.002899,3.76E-04,2080.41,5.05E-04,0
2015-12-31,-0.015247,-0.017076,-0.025283,-0.027383,2043.94,-0.01753,1.00E-04
2016-01-29,-0.0491,-0.05025,-0.055963,-0.056826,1940.24,-0.050735,1.00E-04
2016-02-29,-0.001742,-0.004457,0.011832,0.009526,1932.23,-0.004128,2.00E-04
2016-03-31,0.06734,0.065146,0.081025,0.078068,2059.74,0.065991,2.00E-04
2016-04-29,0.003747,0.002576,0.012821,0.011978,2065.3,0.002699,1.00E-04
2016-05-31,0.018487,0.015886,0.01448,0.012276,2096.96,0.015329,1.00E-04
2016-06-30,0.002675,0.001002,-1.08E-04,-0.002048,2098.86,9.06E-04,2.00E-04
2016-07-29,0.036571,0.035324,0.043329,0.042516,2173.6,0.03561,2.00E-04
2016-08-31,0.001247,-0.001396,0.002249,6.60E-05,2170.95,-0.001219,2.00E-04
2016-09-30,4.46E-04,-0.001033,6.25E-04,-0.001234,2168.27,-0.001234,2.00E-04
2016-10-31,-0.017958,-0.019206,-0.024156,-0.025196,2126.15,-0.019426,2.00E-04
2016-11-30,0.03579,0.033007,0.051613,0.049337,2198.81,0.034174,1.00E-04
2016-12-30,0.0192,0.017569,0.010788,0.008847,2238.83,0.018201,3.00E-04
2017-01-31,0.019384,0.018311,0.021092,0.020318,2278.87,0.017884,4.00E-04
2017-02-28,0.039459,0.037052,0.03162,0.029694,2363.64,0.037198,4.00E-04
2017-03-31,0.001664,5.50E-05,1.83E-04,-0.001775,2362.72,-3.89E-04,3.00E-04
2017-04-28,0.010591,0.009439,0.006858,0.005999,2384.2,0.009091,5.00E-04
2017-05-31,0.014552,0.01192,0.004471,0.002333,2411.8,0.011576,6.00E-04
2017-06-30,0.005798,0.004364,0.013051,0.011269,2423.41,0.004814,6.00E-04
2017-07-31,0.020696,0.019162,0.015782,0.014288,2470.3,0.019349,7.00E-04
2017-08-31,0.002238,-3.24E-04,-0.010591,-0.012856,2471.65,5.46E-04,9.00E-04
2017-09-29,0.02005,0.018742,0.029365,0.027648,2519.36,0.019303,9.00E-04
2017-10-31,0.024158,0.023006,0.010364,0.009473,2575.26,0.022188,9.00E-04
2017-11-30,0.031389,0.02886,0.038786,0.036577,2647.58,0.028083,8.00E-04
2017-12-29,0.011149,0.009851,0.013102,0.011375,2673.61,0.009832,9.00E-04
2018-01-31,0.05806,0.057018,0.044707,0.043892,2823.81,0.056179,0.0011
2018-02-28,-0.037661,-0.039702,-0.043355,-0.045061,2713.83,-0.038947,0.0011
2018-03-29,-0.025459,-0.027092,-0.008575,-0.010879,2640.87,-0.026885,0.0012
2018-04-30,0.00377,0.002656,0.003884,0.002994,2648.05,0.002719,0.0014
2018-05-31,0.0238,0.021317,0.015564,0.013451,2705.27,0.021608,0.0014
2018-06-29,0.00684,0.005507,0.011219,0.009407,2718.37,0.004842,0.0014
2018-07-31,0.037144,0.03597,0.032295,0.031396,2816.29,0.036022,0.0016
2018-08-31,0.032938,0.030647,0.020003,0.017913,2901.52,0.030263,0.0016
2018-09-28,0.005138,0.003758,0.001597,-2.30E-04,2913.98,0.004294,0.0015
2018-10-31,-0.068409,-0.069492,-0.07138,-0.072247,2711.74,-0.069403,0.0019
2018-11-30,0.019752,0.017259,0.027402,0.025045,2760.17,0.017859,0.0018
2018-12-31,-0.090646,-0.092188,-0.100313,-0.102271,2506.85,-0.091777,0.0019
2019-01-31,0.081409,0.080024,0.101019,0.100002,2704.1,0.078684,0.0021
2019-02-28,0.031708,0.029398,0.036691,0.034541,2784.49,0.029729,0.0018
2019-03-29,0.019531,0.018007,0.009131,0.006997,2834.4,0.017924,0.0019
2019-04-30,0.040629,0.039469,0.036678,0.035736,2945.83,0.039313,0.0021
2019-05-31,-0.063187,-0.065503,-0.068451,-0.070743,2752.06,-0.065778,0.0021
2019-06-28,0.069561,0.068056,0.075817,0.073828,2941.76,0.06893,0.0018
2019-07-31,0.014603,0.013367,0.008839,0.007845,2980.38,0.013128,0.0019
2019-08-30,-0.016085,-0.018377,-0.031248,-0.033591,2926.46,-0.018092,0.0016
2019-09-30,0.018791,0.017272,0.033528,0.031375,2976.74,0.017181,0.0018
2019-10-31,0.021621,0.020441,0.013161,0.012198,3037.56,0.020432,0.0015
2019-11-29,0.036206,0.033979,0.034518,0.032059,3140.98,0.034047,0.0012
2019-12-31,0.029787,0.028136,0.028763,0.026519,3230.78,0.02859,0.0014
2020-01-31,1.08E-04,-0.001129,-0.017589,-0.018584,3225.52,-0.001628,0.0013
2020-02-28,-0.081872,-0.08408,-0.090756,-0.093623,2954.22,-0.08411,0.0012
2020-03-31,-0.121997,-0.123686,-0.188008,-0.190475,2584.59,-0.125119,0.0012
2020-04-30,0.128894,0.127654,0.14676,0.145556,2912.43,0.126844,0
2020-05-29,0.047818,0.045587,0.048583,0.046155,3044.31,0.045282,1.00E-04
2020-06-30,0.020348,0.018885,0.01352,0.011534,3100.29,0.018388,1.00E-04
2020-07-31,0.05691,0.055682,0.046928,0.045811,3271.12,0.055101,1.00E-04
2020-08-31,0.072068,0.070308,0.045357,0.043174,3500.31,0.070065,1.00E-04
2020-09-30,-0.038152,-0.039367,-0.025198,-0.027038,3363,-0.039228,1.00E-04